benchmark,evaluation_id,synth_area,synth_wns,synth_cum_s,floorplan_area,floorplan_wns,floorplan_cum_s,global_place_area,global_place_wns,global_place_cum_s,detailed_place_area,detailed_place_wns,detailed_place_cum_s,cts_area,cts_wns,cts_cum_s,global_route_area,global_route_wns,global_route_cum_s,final_area,final_wns,final_cum_s,final_reward
addpipe8,018cc2daef607348,124.222,,0.63,124.222,7.54539,1.55,152.418,7.50471,2.6,152.418,7.50137,3.1,157.206,7.49322,3.87,157.206,7.48439,4.62,157.206,7.49696,8.68,74.812394
addpipe8,0261fda457d27846,141.246,,0.66,141.246,7.61925,1.59,171.304,7.58562,2.67,171.304,7.5816,3.2,176.092,7.57112,3.98,176.092,7.56842,4.85,176.092,7.57203,9.15,75.544208
addpipe8,033e3fb0c84a2b85,131.404,,0.66,131.404,7.65667,1.57,163.324,7.6211,2.64,163.324,7.61837,3.15,168.112,7.60846,3.91,168.112,7.59573,4.67,168.112,7.60849,8.78,75.916788
addpipe8,06502e2982eae7f7,105.07,,0.61,105.07,7.38465,1.55,134.064,7.34198,2.58,134.064,7.34069,3.09,138.852,7.33133,3.84,138.852,7.32492,4.65,138.852,7.33351,8.76,73.196248
addpipe8,0a1f4021ec3ced78,149.492,,0.66,149.492,7.66675,1.61,173.698,7.62572,2.72,173.698,7.62611,3.25,178.486,7.61795,4.05,178.486,7.61511,4.87,178.486,7.61822,9.31,76.003714
addpipe8,0b3f4de7fac2528e,119.168,,0.64,119.168,7.69458,1.59,146.3,7.65849,2.64,146.3,7.65584,3.17,151.088,7.64688,3.94,151.088,7.64444,4.78,151.088,7.64862,9.17,76.335112
addpipe8,10f5785020421fe0,131.404,,0.64,131.404,7.65667,1.57,163.324,7.6211,2.64,163.324,7.61837,3.17,168.112,7.60846,3.95,168.112,7.59573,4.72,168.112,7.60849,8.87,75.916788
addpipe8,122c14878ded,124.222,,0.63,124.222,7.54539,1.56,152.418,7.50471,2.61,152.418,7.50137,3.15,157.206,7.49322,3.93,157.206,7.48439,4.69,157.206,7.49696,8.82,74.812394
addpipe8,124f68935eab02af,124.222,,0.63,124.222,7.54539,1.57,152.418,7.50471,2.65,152.418,7.50137,3.18,157.206,7.49322,3.98,157.206,7.48439,4.75,157.206,7.49696,8.93,74.812394
addpipe8,1318dfd1bbca7fae,134.862,,0.66,134.862,7.63068,1.62,164.654,7.58904,2.71,164.654,7.58838,3.24,169.442,7.5778,4.03,169.442,7.56868,5.3,169.442,7.57948,9.89,75.625358
addpipe8,149c07652156eff6,124.222,,0.65,124.222,7.54539,1.6,152.418,7.50471,2.7,152.418,7.50137,3.22,157.206,7.49322,4.02,157.206,7.48439,4.77,157.206,7.49696,8.93,74.812394
addpipe8,192d633479aa1a4f,124.222,,0.64,124.222,7.54539,1.57,152.418,7.50471,2.62,152.418,7.50137,3.13,157.206,7.49322,3.91,157.206,7.48439,4.69,157.206,7.49696,8.78,74.812394
addpipe8,25cda0da9e73f18a,105.07,,0.63,105.07,7.40967,1.57,134.064,7.36361,2.6,134.064,7.36403,3.12,138.852,7.35562,3.89,138.852,7.35236,4.67,138.852,7.35951,8.27,73.456248
addpipe8,2a12b306c89a33a0,150.024,,0.67,150.024,7.67082,1.6,173.432,7.63031,2.7,173.432,7.63094,3.22,178.22,7.62314,4.01,178.22,7.61747,4.85,178.22,7.62411,9.42,76.06288
addpipe8,2e3ad326f97e1704,155.61,,0.68,155.61,7.55771,1.63,181.146,7.52285,2.73,181.146,7.52117,3.27,185.934,7.51219,4.09,185.934,7.50634,5.15,185.934,7.51241,9.78,74.938166
addpipe8,3374bac27e70,105.07,,0.6,105.07,7.38465,1.51,134.064,7.34198,2.54,134.064,7.34069,3.04,138.852,7.33133,3.78,138.852,7.32492,4.54,138.852,7.33351,8.53,73.196248
addpipe8,41b3d28d3426e34e,150.024,,0.63,150.024,7.67024,1.54,173.432,7.62968,2.61,173.432,7.62971,3.12,178.22,7.62232,3.87,178.22,7.61854,4.63,178.22,7.62236,8.75,76.04538
addpipe8,431b55f63264151d,124.488,,0.66,124.488,7.6867,1.6,154.28,7.64762,2.7,154.28,7.64374,3.22,159.068,7.63507,4.01,159.068,7.62285,4.81,159.068,7.63669,9.25,76.207832
addpipe8,4469244480a7ac90,105.07,,0.62,105.07,7.40967,1.56,134.064,7.36361,2.61,134.064,7.36403,3.14,138.852,7.35562,3.94,138.852,7.35236,4.78,138.852,7.35951,8.58,73.456248
addpipe8,48135fdbce567625,150.024,,0.62,150.024,7.67082,1.54,173.432,7.63031,2.65,173.432,7.63094,3.18,178.22,7.62314,3.96,178.22,7.61747,4.8,178.22,7.62411,9.26,76.06288
addpipe8,4c9b84dffea09c4c,150.024,,0.62,150.024,7.67082,1.49,173.432,7.63031,2.53,173.432,7.63094,3.03,178.22,7.62314,3.78,178.22,7.61747,4.6,178.22,7.62411,8.93,76.06288
addpipe8,5016bd7e37d8ce63,105.07,,0.63,105.07,7.38465,1.59,134.064,7.34198,2.66,134.064,7.34069,3.19,138.852,7.33133,3.96,138.852,7.32492,4.76,138.852,7.33351,9.07,73.196248
addpipe8,505613495a5d4af7,132.202,,0.66,132.202,7.67599,1.6,162.26,7.64315,2.69,162.26,7.64057,3.22,167.048,7.63206,4.01,167.048,7.62886,4.98,167.048,7.63247,8.94,76.157652
addpipe8,57a049ce8ea50257,86.184,,0.61,86.184,7.44041,1.53,117.838,7.39412,2.57,117.838,7.39493,3.07,122.626,7.38658,3.83,122.626,7.3783,4.56,122.626,7.38993,8.52,73.776674
addpipe8,5ed94502a83ca160,150.024,,0.64,150.024,7.67082,1.55,173.432,7.63031,2.58,173.432,7.63094,3.11,178.22,7.62314,3.88,178.22,7.61747,4.67,178.22,7.62411,9.16,76.06288
addpipe8,5fab9263568dd558,150.024,,0.66,150.024,7.67082,1.6,173.432,7.63031,2.7,173.432,7.63094,3.24,178.22,7.62314,4.05,178.22,7.61747,4.93,178.22,7.62411,9.56,76.06288
addpipe8,61b32f479f21c60f,141.246,,0.65,141.246,7.61925,1.56,171.304,7.58562,2.65,171.304,7.5816,3.17,176.092,7.57112,3.94,176.092,7.56842,4.71,176.092,7.57203,8.82,75.544208
addpipe8,63e415e2f941a62c,124.488,,0.69,124.488,7.6867,1.65,154.28,7.64762,2.74,154.28,7.64374,3.27,159.068,7.63507,4.07,159.068,7.62285,4.89,159.068,7.63669,9.18,76.207832
addpipe8,756288d916d95a77,131.404,,0.64,131.404,7.65667,1.55,163.324,7.6211,2.62,163.324,7.61837,3.13,168.112,7.60846,3.89,168.112,7.59573,4.64,168.112,7.60849,8.66,75.916788
addpipe8,76346d8ba2e51265,105.07,,0.62,105.07,7.38818,1.54,134.064,7.33928,2.54,134.064,7.33843,3.05,138.852,7.32793,3.81,138.852,7.32701,4.6,138.852,7.3328,8.74,73.189148
addpipe8,78ed23dedaab7644,114.114,,0.64,114.114,7.66309,1.6,146.034,7.62629,2.69,146.034,7.626,3.2,150.822,7.61616,3.96,150.822,7.60674,4.72,150.822,7.61566,8.81,76.005778
addpipe8,7f30f98b72a6d387,105.07,,0.63,105.07,7.38465,1.57,134.064,7.34198,2.65,134.064,7.34069,3.19,138.852,7.33133,3.96,138.852,7.32492,4.77,138.852,7.33351,8.96,73.196248
addpipe8,8130a287bdc53acc,141.246,,0.66,141.246,7.61925,1.6,171.304,7.58562,2.7,171.304,7.5816,3.24,176.092,7.57112,4.02,176.092,7.56842,4.85,176.092,7.57203,9.12,75.544208
addpipe8,843533bc894acd7e,105.07,,0.61,105.07,7.38465,1.57,134.064,7.34198,2.63,134.064,7.34069,3.14,138.852,7.33133,3.91,138.852,7.32492,4.67,138.852,7.33351,8.88,73.196248
addpipe8,8fc9783d4fa3e80e,134.862,,0.67,134.862,7.63068,1.62,164.654,7.58904,2.71,164.654,7.58838,3.23,169.442,7.5778,4.02,169.442,7.56868,5.27,169.442,7.57948,9.99,75.625358
addpipe8,90cc2d441b955026,105.07,,0.62,105.07,7.40967,1.53,134.064,7.36361,2.57,134.064,7.36403,3.09,138.852,7.35562,3.85,138.852,7.35236,4.66,138.852,7.35951,8.29,73.456248
addpipe8,92bf8f9af6b36db0,134.862,,0.67,134.862,7.63068,1.6,164.654,7.58904,2.74,164.654,7.58838,3.27,169.442,7.5778,4.09,169.442,7.56868,5.38,169.442,7.57948,10.13,75.625358
addpipe8,9c58030dbca68fb6,141.246,,0.66,141.246,7.61925,1.6,171.304,7.58562,2.69,171.304,7.5816,3.23,176.092,7.57112,4.02,176.092,7.56842,4.97,176.092,7.57203,9.21,75.544208
addpipe8,9cd50aee79b0aeee,101.612,,0.63,101.612,7.59941,1.55,131.67,7.55595,2.61,131.67,7.55624,3.12,136.458,7.54574,3.89,136.458,7.54155,4.64,136.458,7.54818,8.61,75.345342
addpipe8,9e40c521c2134467,86.184,,0.6,86.184,7.39896,1.53,117.838,7.35515,2.6,117.838,7.35584,3.11,122.626,7.34689,3.88,122.626,7.33836,4.62,122.626,7.34972,8.57,73.374574
addpipe8,a065956faf335171,155.61,,0.67,155.61,7.55771,1.59,181.146,7.52285,2.67,181.146,7.52117,3.2,185.934,7.51219,3.98,185.934,7.50634,4.98,185.934,7.51241,9.53,74.938166
addpipe8,a3a7cfb080cba777,105.07,,0.62,105.07,7.40967,1.55,134.064,7.36361,2.58,134.064,7.36403,3.11,138.852,7.35562,3.88,138.852,7.35236,4.71,138.852,7.35951,8.32,73.456248
addpipe8,a47ca89180d601d0,132.202,,0.65,132.202,7.67599,1.59,162.26,7.64315,2.69,162.26,7.64057,3.22,167.048,7.63206,3.99,167.048,7.62886,4.9,167.048,7.63247,8.79,76.157652
addpipe8,a8bab88c3134715d,124.488,,0.66,124.488,7.6867,1.58,154.28,7.64762,2.69,154.28,7.64374,3.21,159.068,7.63507,3.98,159.068,7.62285,4.76,159.068,7.63669,8.93,76.207832
addpipe8,a9d102b11162f74a,149.492,,0.65,149.492,7.66675,1.61,173.698,7.62572,2.71,173.698,7.62611,3.25,178.486,7.61795,4.06,178.486,7.61511,4.93,178.486,7.61822,9.33,76.003714
addpipe8,addcddedc29bb221,131.404,,0.67,131.404,7.65667,1.6,163.324,7.6211,2.69,163.324,7.61837,3.23,168.112,7.60846,4.04,168.112,7.59573,4.82,168.112,7.60849,9.01,75.916788
addpipe8,b4a4001a8a01e7b1,155.61,,0.67,155.61,7.55771,1.6,181.146,7.52285,2.71,181.146,7.52117,3.24,185.934,7.51219,4.02,185.934,7.50634,5.03,185.934,7.51241,9.57,74.938166
addpipe8,c34d10cae4824813,131.404,,0.67,131.404,7.65667,1.6,163.324,7.6211,2.7,163.324,7.61837,3.23,168.112,7.60846,4.04,168.112,7.59573,4.84,168.112,7.60849,9.03,75.916788
addpipe8,c9bcdd3aa54e2173,131.404,,0.65,131.404,7.65667,1.6,163.324,7.6211,2.69,163.324,7.61837,3.23,168.112,7.60846,4.05,168.112,7.59573,4.84,168.112,7.60849,9.05,75.916788
addpipe8,cb31969c31ceba80,105.07,,0.64,105.07,7.40967,1.58,134.064,7.36361,2.66,134.064,7.36403,3.19,138.852,7.35562,3.99,138.852,7.35236,4.82,138.852,7.35951,8.63,73.456248
addpipe8,cdd3d8642af1593f,150.024,,0.61,150.024,7.67024,1.5,173.432,7.62968,2.55,173.432,7.62971,3.07,178.22,7.62232,3.82,178.22,7.61854,4.61,178.22,7.62236,8.75,76.04538
addpipe8,d3e4db3921db559f,155.61,,0.67,155.61,7.55771,1.61,181.146,7.52285,2.66,181.146,7.52117,3.17,185.934,7.51219,3.97,185.934,7.50634,4.96,185.934,7.51241,9.52,74.938166
addpipe8,d4b6063dd003a85d,105.07,,0.63,105.07,7.38465,1.56,134.064,7.34198,2.59,134.064,7.34069,3.12,138.852,7.33133,3.9,138.852,7.32492,4.71,138.852,7.33351,8.86,73.196248
addpipe8,dc84899344763379,149.492,,0.66,149.492,7.66675,1.61,173.698,7.62572,2.72,173.698,7.62611,3.25,178.486,7.61795,4.07,178.486,7.61511,4.91,178.486,7.61822,9.39,76.003714
addpipe8,e5babde1b8acf28d,105.07,,0.64,105.07,7.38818,1.58,134.064,7.33928,2.63,134.064,7.33843,3.14,138.852,7.32793,3.91,138.852,7.32701,4.7,138.852,7.3328,8.96,73.189148
addpipe8,e7d0571a616f5688,124.222,,0.63,124.222,7.54539,1.55,152.418,7.50471,2.65,152.418,7.50137,3.17,157.206,7.49322,3.95,157.206,7.48439,4.76,157.206,7.49696,8.97,74.812394
addpipe8,e8165465656fb452,149.492,,0.66,149.492,7.66675,1.61,173.698,7.62572,2.71,173.698,7.62611,3.26,178.486,7.61795,4.08,178.486,7.61511,4.98,178.486,7.61822,9.32,76.003714
addpipe8,ea385d4d6954,150.024,,0.64,150.024,7.67024,1.58,173.432,7.62968,2.7,173.432,7.62971,3.21,178.22,7.62232,3.99,178.22,7.61854,4.81,178.22,7.62236,9.13,76.04538
addpipe8,f15ebbf547d2e5ba,105.07,,0.62,105.07,7.38465,1.54,134.064,7.34198,2.56,134.064,7.34069,3.07,138.852,7.33133,3.82,138.852,7.32492,4.58,138.852,7.33351,8.66,73.196248
addpipe8,f36a8237499d88fe,124.222,,0.63,124.222,7.54539,1.58,152.418,7.50471,2.65,152.418,7.50137,3.17,157.206,7.49322,3.96,157.206,7.48439,4.76,157.206,7.49696,8.92,74.812394
addpipe8,f414d21b96ac46e8,132.202,,0.67,132.202,7.67599,1.61,162.26,7.64315,2.71,162.26,7.64057,3.24,167.048,7.63206,4.03,167.048,7.62886,4.99,167.048,7.63247,8.94,76.157652
addpipe8,f7c9cf386d8ca0fd,134.862,,0.64,134.862,7.63068,1.54,164.654,7.58904,2.58,164.654,7.58838,3.1,169.442,7.5778,3.84,169.442,7.56868,5.05,169.442,7.57948,9.51,75.625358
addpipe8,f8fab9702dcda4b1,105.07,,0.65,105.07,7.40967,1.6,134.064,7.36361,2.71,134.064,7.36403,3.23,138.852,7.35562,4.03,138.852,7.35236,4.9,138.852,7.35951,8.66,73.456248
addpipe8,f96b5ffd1ea745b2,105.07,,0.63,105.07,7.38818,1.58,134.064,7.33928,2.64,134.064,7.33843,3.16,138.852,7.32793,3.93,138.852,7.32701,4.73,138.852,7.3328,9.09,73.189148
addpipe8,fa6a19b7aac12d92,150.024,,0.62,150.024,7.67082,1.51,173.432,7.63031,2.6,173.432,7.63094,3.12,178.22,7.62314,3.88,178.22,7.61747,4.71,178.22,7.62411,9.06,76.06288
addpipe8,fa6d78259ed64d87,132.202,,0.65,132.202,7.67599,1.6,162.26,7.64315,2.71,162.26,7.64057,3.23,167.048,7.63206,4.0,167.048,7.62886,4.9,167.048,7.63247,8.78,76.157652
addpipe8,fc9072d81aba1066,124.488,,0.64,124.488,7.6867,1.58,154.28,7.64762,2.66,154.28,7.64374,3.18,159.068,7.63507,3.99,159.068,7.62285,4.81,159.068,7.63669,9.12,76.207832
addpipe8,fe01b16af54f6f36,150.024,,0.63,150.024,7.67024,1.51,173.432,7.62968,2.59,173.432,7.62971,3.1,178.22,7.62232,3.85,178.22,7.61854,4.62,178.22,7.62236,8.83,76.04538
addpipe8,fe05a9568610750f,105.07,,0.64,105.07,7.38818,1.58,134.064,7.33928,2.63,134.064,7.33843,3.14,138.852,7.32793,3.92,138.852,7.32701,4.75,138.852,7.3328,9.12,73.189148
addpipe16,0c8bd270f0863e34,354.312,,0.76,354.312,7.41083,1.73,402.724,7.36379,2.98,402.724,7.36158,3.59,407.512,7.35764,4.44,407.512,7.35387,5.54,407.512,7.36015,12.22,73.193988
addpipe16,0eac51d2c5011eaf,312.816,,0.73,312.816,7.57544,1.7,355.908,7.53191,2.92,355.908,7.52355,3.52,360.696,7.52433,4.39,360.696,7.51816,5.49,360.696,7.52475,11.34,74.886804
addpipe16,10bd73af0e443d40,342.608,,0.74,342.608,7.42197,1.68,389.158,7.37694,2.85,389.158,7.373,3.43,393.946,7.36877,4.25,393.946,7.35932,5.38,393.946,7.3708,10.81,73.314054
addpipe16,125eee9a0cb8f50d,325.584,,0.74,325.584,7.42906,1.71,380.114,7.38736,2.92,380.114,7.38847,3.53,384.902,7.38529,4.35,384.902,7.37787,5.58,384.902,7.38559,11.28,73.470998
addpipe16,12b62f7d47d59b45,316.54,,0.74,316.54,7.4169,1.71,370.006,7.36768,2.91,370.006,7.36059,3.51,374.794,7.35563,4.36,374.794,7.34365,5.41,374.794,7.35917,10.99,73.216906
addpipe16,12ed4f6095b27c76,343.14,,0.77,343.14,7.50663,1.72,385.168,7.4445,2.95,385.168,7.43905,3.53,389.956,7.43932,4.37,389.956,7.42855,5.92,389.956,7.44202,11.44,74.030244
addpipe16,16e2e351bf6ecd3b,309.89,,0.76,309.89,7.33993,1.72,359.632,7.28842,2.92,359.632,7.28484,3.51,364.42,7.28211,4.34,364.42,7.27274,5.82,364.42,7.28416,11.58,72.47718
addpipe16,177be13a112f94a3,261.478,,0.68,261.478,7.54177,1.58,314.412,7.4911,2.68,314.412,7.48967,3.23,319.2,7.49085,3.99,319.2,7.48342,5.27,319.2,7.49365,10.68,74.6173
addpipe16,184f719f6ac5b32e,280.63,,0.69,280.63,7.52825,1.58,326.914,7.48034,2.68,326.914,7.47856,3.23,331.702,7.48131,4.01,331.702,7.4741,5.06,331.702,7.48366,10.58,74.504898
addpipe16,1867f86463f70440,248.444,,0.62,248.444,7.51696,1.51,302.176,7.47248,2.58,302.176,7.46864,3.11,306.964,7.46943,3.86,306.964,7.46318,4.68,306.964,7.47045,8.98,74.397536
addpipe16,18a316cdd21874d0,281.694,,0.72,281.694,7.37722,1.69,334.096,7.33059,2.93,334.096,7.3271,3.51,338.884,7.32776,4.35,338.884,7.3174,5.8,338.884,7.32827,11.01,72.943816
addpipe16,1b6cfbea0c9da594,281.162,,0.67,281.162,7.52047,1.57,328.776,7.46689,2.68,328.776,7.46336,3.22,333.564,7.45984,3.99,333.564,7.44937,4.96,333.564,7.46534,10.01,74.319836
addpipe16,1bd670291b842d5a,320.796,,0.7,320.796,7.36775,1.65,376.124,7.32599,2.83,376.124,7.32445,3.42,380.912,7.32214,4.23,380.912,7.3144,5.28,380.912,7.32336,11.17,72.852688
addpipe16,1d55814ab8a60756,250.572,,0.62,250.572,7.3324,1.53,303.506,7.29292,2.57,303.506,7.28937,3.09,308.294,7.28958,3.84,308.294,7.27838,4.71,308.294,7.29101,8.92,72.601806
addpipe16,23ac74ff9d4aeec3,280.896,,0.71,280.896,7.59661,1.66,329.574,7.54048,2.85,329.574,7.53615,3.41,334.362,7.53737,4.24,334.362,7.53253,5.64,334.362,7.53666,11.23,75.032238
addpipe16,25c39272b3afb0f3,234.08,,0.69,234.08,7.20174,1.65,288.078,7.14873,2.79,288.078,7.14602,3.35,292.866,7.14667,4.17,292.866,7.1408,5.05,292.866,7.15177,9.74,71.224834
addpipe16,274ad55236d37c09,312.816,,0.71,312.816,7.40034,1.69,360.962,7.35266,2.88,360.962,7.35263,3.47,365.75,7.34853,4.32,365.75,7.33764,5.83,365.75,7.34996,11.79,73.13385
addpipe16,2c87ad790d89fe6e,309.358,,0.71,309.358,7.60134,1.61,354.578,7.55587,2.74,354.578,7.54959,3.29,359.366,7.54661,4.06,359.366,7.53536,5.4,359.366,7.54894,11.1,75.130034
addpipe16,2dd2127bf168d9e4,215.726,,0.63,215.726,7.08176,1.53,271.586,7.03071,2.64,271.586,7.0277,3.16,276.374,7.02991,3.94,276.374,7.019,4.78,276.374,7.03404,9.07,70.064026
addpipe16,2e7c040b1a9cfc92,287.812,,0.71,287.812,7.58187,1.66,336.49,7.52662,2.86,336.49,7.52412,3.44,341.278,7.51948,4.26,341.278,7.509,5.7,341.278,7.52156,11.03,74.874322
addpipe16,2f384946e297ae73,335.426,,0.73,335.426,7.47608,1.68,390.488,7.43227,2.87,390.488,7.43209,3.45,395.276,7.43161,4.27,395.276,7.42389,5.41,395.276,7.43181,11.05,73.922824
addpipe16,3018fffc604eb637,330.372,,0.78,330.372,7.4779,1.74,380.38,7.43055,2.97,380.38,7.42881,3.56,385.168,7.42902,4.42,385.168,7.41775,5.95,385.168,7.43015,11.87,73.916332
addpipe16,30a0c351db5bb191,287.28,,0.71,287.28,7.55786,1.65,334.096,7.51821,2.81,334.096,7.51566,3.37,338.884,7.51416,4.17,338.884,7.50563,5.6,338.884,7.51622,11.24,74.823316
addpipe16,30dfd7670cfcf27f,214.396,,0.63,214.396,6.96273,1.51,269.192,6.90851,2.6,269.192,6.9076,3.13,273.98,6.9057,3.94,273.98,6.88956,4.72,273.98,6.91053,9.09,68.83132
addpipe16,3146daa49108c5fd,343.672,,0.76,343.672,7.52226,1.74,399.0,7.48314,2.99,399.0,7.47904,3.58,403.788,7.47762,4.42,403.788,7.4682,5.98,403.788,7.4793,12.15,74.389212
addpipe16,34dabe99b991d883,268.66,,0.71,268.66,7.24779,1.65,318.934,7.21292,2.81,318.934,7.21048,3.37,323.722,7.20596,4.16,323.722,7.19808,5.51,323.722,7.2112,10.79,71.788278
addpipe16,3bb2da2df2bb1ce9,289.94,,0.75,289.94,7.47141,1.71,345.268,7.43034,2.88,345.268,7.42877,3.46,350.056,7.42419,4.28,350.056,7.41412,5.29,350.056,7.42632,10.22,73.913144
addpipe16,3c5cf25a39f958bd,307.23,,0.74,307.23,7.55213,1.69,355.908,7.49342,2.87,355.908,7.4943,3.46,360.696,7.49257,4.31,360.696,7.48398,5.42,360.696,7.49698,11.37,74.609104
addpipe16,3d4ed0b52e670997,310.422,,0.75,310.422,7.37023,1.67,353.78,7.34006,2.87,353.78,7.33682,3.45,358.568,7.33247,4.27,358.568,7.32248,5.39,358.568,7.33686,10.41,73.010032
addpipe16,4147328646d6f92f,296.59,,0.73,296.59,7.58136,1.69,335.958,7.52926,2.89,335.958,7.52747,3.47,340.746,7.52481,4.3,340.746,7.51418,5.19,340.746,7.52251,10.58,74.884354
addpipe16,44a72d0bfb7098bc,301.644,,0.75,301.644,7.54064,1.71,356.972,7.49799,2.91,356.972,7.49452,3.49,361.76,7.49318,4.33,361.76,7.48001,5.48,361.76,7.49215,10.84,74.55974
addpipe16,44fa05c042482341,309.624,,0.77,309.624,7.52085,1.73,356.174,7.46901,2.9,356.174,7.46755,3.49,360.962,7.46847,4.35,360.962,7.45734,5.85,360.962,7.47078,11.61,74.346838
addpipe16,4bed684b87e88711,319.732,,0.75,319.732,7.41443,1.71,373.73,7.36012,2.92,373.73,7.35649,3.52,378.518,7.35711,4.35,378.518,7.338,5.41,378.518,7.35758,11.48,73.197282
addpipe16,4bfdc3e0f9636204,296.59,,0.72,296.59,7.61402,1.65,344.204,7.56922,2.82,344.204,7.56457,3.42,348.992,7.56651,4.23,348.992,7.55119,5.17,348.992,7.5661,10.81,75.312008
addpipe16,4c37ce3ce554c240,300.048,,0.75,300.048,7.46684,1.7,354.312,7.42372,2.92,354.312,7.4214,3.52,359.1,7.41691,4.38,359.1,7.40437,5.56,359.1,7.41851,11.39,73.826
addpipe16,4dba424911502477,320.264,,0.72,320.264,7.60426,1.67,360.962,7.5507,2.8,360.962,7.54865,3.38,365.75,7.54724,4.19,365.75,7.54091,5.27,365.75,7.5468,10.5,75.10225
addpipe16,50f35d3f8c0f0484,308.826,,0.75,308.826,7.35014,1.7,362.292,7.3031,2.9,362.292,7.29978,3.5,367.08,7.29826,4.35,367.08,7.28464,5.44,367.08,7.2989,10.88,72.62192
addpipe16,5399825e10990fa0,309.358,,0.7,309.358,7.60134,1.6,354.578,7.55527,2.8,354.578,7.55104,3.34,359.366,7.54852,4.12,359.366,7.53842,5.4,359.366,7.55092,11.41,75.149834
addpipe16,59db5f5d67994cc1,325.052,,0.75,325.052,7.44716,1.69,379.05,7.40642,2.91,379.05,7.40411,3.49,383.838,7.40427,4.32,383.838,7.39909,5.45,383.838,7.40373,10.98,73.653462
addpipe16,5b8e718378c67724,295.526,,0.72,295.526,7.3576,1.69,347.662,7.31344,2.88,347.662,7.30938,3.47,352.45,7.30795,4.34,352.45,7.3009,5.36,352.45,7.30992,10.87,72.74675
addpipe16,5d62ea370e0532fb,277.438,,0.74,277.438,7.41857,1.69,333.564,7.37386,2.86,333.564,7.37234,3.43,338.352,7.37466,4.26,338.352,7.36328,5.18,338.352,7.37594,9.97,73.421048
addpipe16,5ebf0da0414e5b4b,293.93,,0.75,293.93,7.53147,1.71,344.204,7.49021,2.87,344.204,7.48838,3.45,348.992,7.48649,4.27,348.992,7.47372,5.32,348.992,7.48834,10.88,74.534408
addpipe16,6054bb686812c273,301.644,,0.7,301.644,7.54064,1.6,356.972,7.49799,2.7,356.972,7.49452,3.23,361.76,7.49318,3.99,361.76,7.48001,5.02,361.76,7.49215,9.89,74.55974
addpipe16,6757c8169cb87c79,294.728,,0.69,294.728,7.49492,1.59,339.15,7.45152,2.76,339.15,7.44876,3.32,343.938,7.45064,4.12,343.938,7.44667,5.11,343.938,7.45096,10.39,74.165662
addpipe16,6c6f71847f8a3560,316.274,,0.77,316.274,7.50221,1.71,371.602,7.45909,2.91,371.602,7.45509,3.52,376.39,7.452,4.39,376.39,7.44312,6.03,376.39,7.45089,11.71,74.13251
addpipe16,79805e86e5b9acb8,283.822,,0.71,283.822,7.56554,1.66,331.17,7.52223,2.83,331.17,7.51669,3.4,335.958,7.51312,4.21,335.958,7.50175,5.14,335.958,7.51404,10.38,74.804442
addpipe16,7acf30f416ddd534,277.704,,0.69,277.704,7.60663,1.59,324.786,7.5416,2.72,324.786,7.54416,3.27,329.574,7.54162,4.06,329.574,7.53656,4.95,329.574,7.54306,9.72,75.101026
addpipe16,7cc3e2ce4f4c2d17,351.918,,0.75,351.918,7.41708,1.7,404.054,7.37374,2.89,404.054,7.3694,3.49,408.842,7.36988,4.31,408.842,7.35866,5.81,408.842,7.36785,11.83,73.269658
addpipe16,80bdfb5eb43c47c8,264.936,,0.71,264.936,7.62675,1.65,314.944,7.57234,2.83,314.944,7.5733,3.4,319.732,7.56869,4.22,319.732,7.55909,5.63,319.732,7.57096,11.27,75.389868
addpipe16,848187ed144a17f7,323.456,,0.74,323.456,7.43284,1.7,374.794,7.39403,2.86,374.794,7.39439,3.46,379.582,7.39183,4.31,379.582,7.38645,5.83,379.582,7.39409,11.46,73.561318
addpipe16,8575157b90d42ae8,271.054,,0.72,271.054,7.56402,1.68,322.392,7.52485,2.82,322.392,7.52207,3.4,327.18,7.52054,4.2,327.18,7.50837,5.09,327.18,7.52158,10.33,74.88862
addpipe16,85c0355285d2081a,308.294,,0.75,308.294,7.45932,1.71,360.962,7.40751,2.93,360.962,7.40257,3.53,365.75,7.40127,4.35,365.75,7.38954,5.38,365.75,7.40136,10.52,73.64785
addpipe16,86cc268d3f882ec2,235.144,,0.68,235.144,7.26843,1.63,290.472,7.22135,2.74,290.472,7.21643,3.28,295.26,7.21647,4.09,295.26,7.21215,5.03,295.26,7.21846,9.87,71.88934
addpipe16,8a62a6eda4fbbf11,310.422,,0.73,310.422,7.64741,1.67,351.652,7.57424,2.85,351.652,7.56816,3.43,356.44,7.5641,4.27,356.44,7.56157,5.28,356.44,7.56898,10.94,75.33336
addpipe16,8cdea09b79c211e7,329.84,,0.76,329.84,7.38495,1.72,383.306,7.33969,2.91,383.306,7.33994,3.5,388.094,7.33894,4.34,388.094,7.32558,5.8,388.094,7.33933,11.67,73.005206
addpipe16,8d9a1d44c3e7d1af,293.132,,0.74,293.132,7.62671,1.62,340.214,7.55793,2.74,340.214,7.55432,3.3,345.002,7.55158,4.06,345.002,7.54305,5.08,345.002,7.55449,10.24,75.199898
addpipe16,8f6a4cfaf04ee828,303.506,,0.7,303.506,7.61106,1.65,344.736,7.55275,2.81,344.736,7.55686,3.39,349.524,7.55582,4.22,349.524,7.55187,5.74,349.524,7.55682,11.58,75.218676
addpipe16,8f8ba5f29f6efb15,306.964,,0.73,306.964,7.32756,1.69,360.43,7.27832,2.87,360.43,7.27483,3.45,365.218,7.27026,4.27,365.218,7.26297,5.72,365.218,7.272,11.7,72.354782
addpipe16,90f67f4028a97ad8,321.328,,0.69,321.328,7.53513,1.59,366.548,7.49743,2.74,366.548,7.49483,3.31,371.336,7.49821,4.11,371.336,7.49306,5.52,371.336,7.49716,11.8,74.600264
addpipe16,94e9cb859c03e174,240.73,,0.62,240.73,7.42986,1.51,294.728,7.37064,2.59,294.728,7.37311,3.11,299.516,7.37408,3.87,299.516,7.36409,4.71,299.516,7.37783,9.1,73.478784
addpipe16,961950ddc4971979,248.71,,0.65,248.71,7.27275,1.53,299.782,7.21752,2.62,299.782,7.21383,3.17,304.57,7.21295,3.93,304.57,7.19971,4.79,304.57,7.21869,9.31,71.88233
addpipe16,96ae8fc5590246b2,319.2,,0.75,319.2,7.41276,1.7,373.464,7.33134,2.9,373.464,7.34186,3.51,378.252,7.33694,4.35,378.252,7.32288,5.4,378.252,7.33843,11.04,73.006048
addpipe16,96d16d744d74325a,352.982,,0.78,352.982,7.47189,1.72,391.552,7.39102,2.93,391.552,7.38716,3.53,396.34,7.38484,4.35,396.34,7.36743,5.82,396.34,7.38636,14.81,73.46726
addpipe16,97f3f8e504d66713,394.744,,0.78,394.744,7.38727,1.7,431.984,7.34576,2.89,431.984,7.34347,3.5,436.772,7.3396,4.32,436.772,7.33294,5.37,436.772,7.34182,10.43,72.981428
addpipe16,a1215071ce961735,280.63,,0.74,280.63,7.41825,1.68,334.096,7.3633,2.84,334.096,7.36468,3.41,338.884,7.36493,4.21,338.884,7.35156,5.24,338.884,7.3656,10.19,73.317116
addpipe16,a4798edfb46e0e55,323.456,,0.73,323.456,7.46353,1.68,376.922,7.41981,2.86,376.922,7.41818,3.43,381.71,7.41759,4.26,381.71,7.40048,5.22,381.71,7.41758,10.18,73.79409
addpipe16,a6b4bf900316e64a,327.18,,0.69,327.18,7.38131,1.59,381.71,7.33048,2.75,381.71,7.32727,3.32,386.498,7.32441,4.1,386.498,7.31344,5.61,386.498,7.3273,11.62,72.886502
addpipe16,aa24c372e6467646,354.844,,0.73,354.844,7.42875,1.69,409.906,7.37922,2.86,409.906,7.37891,3.45,414.694,7.37679,4.28,414.694,7.36114,5.15,414.694,7.37894,10.67,73.374706
addpipe16,aa467ce5ec965503,309.624,,0.66,309.624,7.40835,1.56,365.75,7.35444,2.7,365.75,7.34953,3.24,370.538,7.35005,4.01,370.538,7.33808,4.87,370.538,7.35438,9.31,73.173262
addpipe16,ab743e58b4ba250d,297.654,,0.73,297.654,7.48593,1.71,351.386,7.44145,2.88,351.386,7.44182,3.47,356.174,7.43691,4.29,356.174,7.42842,5.42,356.174,7.43528,10.52,73.996626
addpipe16,b1f0f16036bd4687,296.324,,0.71,296.324,7.38903,1.65,351.386,7.34291,2.82,351.386,7.33928,3.4,356.174,7.33683,4.23,356.174,7.32007,5.21,356.174,7.33797,10.23,73.023526
addpipe16,b678bb73fd46d39c,273.448,,0.69,273.448,7.56548,1.6,321.594,7.52476,2.72,321.594,7.52463,3.26,326.382,7.5223,4.04,326.382,7.51333,5.3,326.382,7.52306,10.43,74.904218
addpipe16,b8097ec19652c88e,249.774,,0.62,249.774,7.45934,1.53,301.112,7.41089,2.61,301.112,7.40726,3.12,305.9,7.40709,3.87,305.9,7.39745,4.8,305.9,7.4101,9.09,73.7951
addpipe16,b8e7ecd5a7b2d3c9,305.368,,0.72,305.368,7.50419,1.67,358.834,7.45628,2.87,358.834,7.45676,3.48,363.622,7.45608,4.32,363.622,7.45089,5.36,363.622,7.45741,11.05,74.210478
addpipe16,b9f87831bb078636,314.678,,0.76,314.678,7.48388,1.72,369.208,7.43999,2.94,369.208,7.43568,3.53,373.996,7.43548,4.39,373.996,7.42761,5.4,373.996,7.43495,10.61,73.975504
addpipe16,bad26f1d31737ba2,247.646,,0.63,247.646,7.39428,1.51,302.442,7.33866,2.58,302.442,7.33416,3.11,307.23,7.33557,3.88,307.23,7.32662,4.75,307.23,7.33885,9.24,73.08127
addpipe16,bc6edc9324c69864,282.758,,0.71,282.758,7.61447,1.64,329.84,7.56157,2.82,329.84,7.56263,3.41,334.628,7.56003,4.22,334.628,7.54953,5.16,334.628,7.56156,10.32,75.280972
addpipe16,bc8aa3f1ac6dcb97,376.124,,0.79,376.124,7.44916,1.75,425.866,7.42337,2.99,425.866,7.42041,3.61,430.654,7.42083,4.47,430.654,7.41132,5.62,430.654,7.42216,12.03,73.790946
addpipe16,c8f3cab4b66903f1,329.308,,0.75,329.308,7.41835,1.69,383.572,7.37083,2.92,383.572,7.36434,3.53,388.36,7.36223,4.38,388.36,7.35579,6.0,388.36,7.36432,11.72,73.25484
addpipe16,c96b4b4075913f4b,325.052,,0.74,325.052,7.44969,1.69,374.794,7.39135,2.9,374.794,7.38889,3.48,379.582,7.38678,4.35,379.582,7.37707,5.35,379.582,7.39286,10.8,73.549018
addpipe16,caab7f95ca74dbf5,297.92,,0.71,297.92,7.39834,1.66,353.248,7.35731,2.85,353.248,7.35612,3.45,358.036,7.35252,4.26,358.036,7.34495,5.32,358.036,7.35354,10.63,73.177364
addpipe16,cc334291b3b82aa2,267.33,,0.72,267.33,7.40612,1.66,312.816,7.36088,2.77,312.816,7.35772,3.34,317.604,7.35249,4.14,317.604,7.33921,5.1,317.604,7.3538,10.12,73.220396
addpipe16,cd6af1e4ffbebb49,274.512,,0.72,274.512,7.52215,1.65,323.988,7.47483,2.81,323.988,7.47302,3.39,328.776,7.47408,4.21,328.776,7.46174,5.6,328.776,7.47479,11.24,74.419124
addpipe16,cde543409066af5d,281.428,,0.74,281.428,7.57992,1.67,324.52,7.51151,2.88,324.52,7.50573,3.49,329.308,7.50303,4.31,329.308,7.49823,5.27,329.308,7.50794,10.93,74.750092
addpipe16,ce54d5696489affd,319.732,,0.73,319.732,7.63125,1.67,360.962,7.56975,2.84,360.962,7.57219,3.43,365.75,7.57324,4.24,365.75,7.56664,5.28,365.75,7.57492,11.18,75.38345
addpipe16,d08451d7642de376,301.644,,0.74,301.644,7.61442,1.7,343.14,7.56882,2.92,343.14,7.56762,3.53,347.928,7.56869,4.4,347.928,7.55875,5.38,347.928,7.56904,11.27,75.342472
addpipe16,d0ccebcbee6008d7,348.992,,0.72,348.992,7.38473,1.68,399.266,7.33509,2.88,399.266,7.32806,3.5,404.054,7.33012,4.36,404.054,7.3144,5.94,404.054,7.33191,12.36,72.915046
addpipe16,d5ec674886ae95ec,387.828,,0.78,387.828,7.41119,1.73,426.398,7.33399,2.97,426.398,7.3309,3.6,431.186,7.32632,4.44,431.186,7.31763,5.54,431.186,7.32948,11.66,72.863614
addpipe16,d68348b9af2f9a10,316.274,,0.7,316.274,7.289,1.61,368.676,7.2368,2.77,368.676,7.2325,3.34,373.464,7.23051,4.14,373.464,7.21907,5.53,373.464,7.23342,11.12,71.960736
addpipe16,d75560d14eb49a51,290.206,,0.74,290.206,7.45619,1.7,346.332,7.4104,2.85,346.332,7.40901,3.41,351.12,7.40938,4.21,351.12,7.39862,5.25,351.12,7.40918,10.73,73.74068
addpipe16,d938bb327b98ccc7,282.758,,0.71,282.758,7.52486,1.66,327.978,7.48393,2.84,327.978,7.48191,3.41,332.766,7.47919,4.24,332.766,7.47211,5.21,332.766,7.47937,10.33,74.460934
addpipe16,dc87124bf459708a,207.214,,0.64,207.214,6.81403,1.58,254.296,6.75382,2.62,254.296,6.75222,3.18,259.084,6.75035,3.95,259.084,6.74098,4.91,259.084,6.75716,9.23,67.312516
addpipe16,e0d5359dda7eaba5,320.53,,0.8,320.53,7.61752,1.74,359.366,7.54428,2.92,359.366,7.5425,3.5,364.154,7.54122,4.31,364.154,7.52087,5.23,364.154,7.54122,11.28,75.048046
addpipe16,e20df224ad4e64a9,234.878,,0.69,234.878,7.36882,1.64,288.61,7.32149,2.77,288.61,7.31613,3.33,293.398,7.31754,4.14,293.398,7.30825,4.98,293.398,7.31974,9.8,72.904002
addpipe16,e4773a75776986d2,321.594,,0.73,321.594,7.62843,1.66,362.292,7.52573,2.8,362.292,7.52574,3.37,367.08,7.52204,4.16,367.08,7.51712,5.18,367.08,7.52231,10.46,74.85602
addpipe16,e4b07ef4781c5d65,309.358,,0.68,309.358,7.60134,1.56,354.578,7.55587,2.67,354.578,7.54959,3.23,359.366,7.54661,3.99,359.366,7.53536,5.31,359.366,7.54894,11.11,75.130034
addpipe16,e5723fc75e4c7327,282.758,,0.66,282.758,7.53442,1.57,329.574,7.47236,2.68,329.574,7.47012,3.22,334.362,7.46776,3.99,334.362,7.45727,4.97,334.362,7.47195,9.64,74.385138
addpipe16,e5988772519211d5,288.61,,0.73,288.61,7.3791,1.68,340.746,7.32832,2.84,340.746,7.32394,3.41,345.534,7.3252,4.26,345.534,7.31156,5.65,345.534,7.32572,11.33,72.911666
addpipe16,e64bcb94eff813d8,287.812,,0.7,287.812,7.58187,1.6,336.49,7.52662,2.71,336.49,7.52412,3.27,341.278,7.51948,4.05,341.278,7.509,5.34,341.278,7.52161,10.37,74.874822
addpipe16,e81a916796d1cdb9,286.482,,0.72,286.482,7.61376,1.65,334.628,7.56852,2.82,334.628,7.56817,3.39,339.416,7.56725,4.22,339.416,7.54954,5.68,339.416,7.56817,11.15,75.342284
addpipe16,e85355575b3cafc5,351.652,,0.76,351.652,7.37914,1.73,395.01,7.3537,2.97,395.01,7.34984,3.58,399.798,7.35146,4.43,399.798,7.34276,5.57,399.798,7.35292,11.07,73.129402
addpipe16,eb9c6d64a0f53f8e,291.004,,0.71,291.004,7.61563,1.62,333.564,7.55455,2.79,333.564,7.55304,3.36,338.352,7.55435,4.14,338.352,7.54461,5.16,338.352,7.55785,9.98,75.240148
addpipe16,ece6eda5e5e84877,292.334,,0.71,292.334,7.57508,1.64,338.086,7.5361,2.79,338.086,7.53256,3.35,342.874,7.53183,4.18,342.874,7.52124,5.59,342.874,7.53162,11.09,74.973326
addpipe16,ed06118c5a624ee0,287.546,,0.74,287.546,7.49621,1.68,339.416,7.45433,2.84,339.416,7.4515,3.43,344.204,7.45214,4.27,344.204,7.44697,5.22,344.204,7.45318,10.8,74.187596
addpipe16,ef0b423993f627ca,288.61,,0.74,288.61,7.57487,1.7,330.638,7.50816,2.89,330.638,7.50479,3.47,335.426,7.50124,4.31,335.426,7.49111,5.28,335.426,7.50512,10.57,74.715774
addpipe16,f0230dfa462f493b,319.732,,0.73,319.732,7.63125,1.68,360.962,7.5697,2.86,360.962,7.57351,3.46,365.75,7.57382,4.3,365.75,7.56806,5.31,365.75,7.57505,10.84,75.38475
addpipe16,f5a24c885db2c120,275.842,,0.72,275.842,7.62688,1.66,324.786,7.5658,2.86,324.786,7.56025,3.47,329.574,7.56062,4.3,329.574,7.54529,5.28,329.574,7.55729,11.08,75.243326
addpipe16,f955068ff8da104e,312.018,,0.69,312.018,7.59551,1.58,351.652,7.53441,2.72,351.652,7.53308,3.28,356.44,7.53047,4.08,356.44,7.52577,5.1,356.44,7.53511,10.94,74.99466
addpipe16,f972ad84bea7475d,341.544,,0.72,341.544,7.39911,1.67,391.818,7.35012,2.84,391.818,7.34682,3.44,396.606,7.34943,4.27,396.606,7.33944,5.74,396.606,7.35168,12.23,73.120194
addpipe16,fb201c3e2a744b57,292.866,,0.73,292.866,7.53808,1.68,340.214,7.48801,2.86,340.214,7.48145,3.43,345.002,7.47791,4.27,345.002,7.46748,5.31,345.002,7.48145,10.94,74.469498
addpipe16,fce54dc6e3630cd5,337.022,,0.75,337.022,7.44622,1.71,387.296,7.39879,2.92,387.296,7.39661,3.5,392.084,7.3952,4.33,392.084,7.38384,5.44,392.084,7.39455,10.73,73.553416
addpipe16,fe7a6aa6d6689a5d,318.934,,0.74,318.934,7.63109,1.69,365.484,7.56894,2.89,365.484,7.56576,3.49,370.272,7.56322,4.29,370.272,7.5614,5.37,370.272,7.56551,11.91,75.284828
addpipe16,ffb8e3f9c4fd0c53,298.186,,0.72,298.186,7.42769,1.69,347.662,7.38537,2.86,347.662,7.38433,3.46,352.45,7.38459,4.29,352.45,7.37482,5.36,352.45,7.38424,10.87,73.48995
addpipe24,017bf880661637a6,541.31,,0.81,541.31,7.53071,1.76,594.776,7.47311,3.06,594.776,7.4657,3.71,599.564,7.47097,4.59,599.564,7.46452,5.76,599.564,7.46701,12.15,74.070536
addpipe24,0850aece7ce663ce,482.79,,0.84,482.79,7.26538,1.8,562.058,7.22394,3.04,562.058,7.2179,3.67,566.846,7.22683,4.54,566.846,7.21856,6.19,566.846,7.22696,12.25,71.702754
addpipe24,0eb1ec29d6f3ab71,481.46,,0.79,481.46,7.33772,1.74,558.334,7.30148,3.01,558.334,7.29602,3.65,563.122,7.30999,4.53,563.122,7.30188,5.85,563.122,7.30741,11.25,72.510978
addpipe24,15c6a95117341afe,493.43,,0.83,493.43,7.43363,1.78,559.132,7.38328,3.05,559.132,7.38075,3.68,563.92,7.38561,4.56,563.92,7.37262,5.81,563.92,7.38432,11.53,73.27928
addpipe24,1ba37b7c742ed513,381.71,,0.63,381.71,6.02623,1.51,461.244,5.9526,2.62,461.244,5.94188,3.22,466.032,5.95387,4.0,466.032,5.92101,4.93,466.032,5.96125,9.73,59.146468
addpipe24,1bde7e19d66f46e8,458.052,,0.78,458.052,7.40086,1.76,529.34,7.34172,3.0,529.34,7.33014,3.61,534.128,7.33746,4.49,534.128,7.32244,6.07,534.128,7.34537,11.91,72.919572
addpipe24,1ded3181ae1e1f6d,481.992,,0.8,481.992,7.57862,1.73,536.256,7.48522,2.97,537.586,7.48027,3.59,542.374,7.49346,4.44,542.374,7.48688,5.63,542.374,7.49409,12.08,74.398526
addpipe24,26bd014ceaad0dc8,516.838,,0.88,516.838,7.29139,1.87,582.008,7.22256,3.14,583.87,7.21593,3.8,588.658,7.2194,4.69,588.658,7.20141,5.97,588.658,7.2209,12.62,71.620342
addpipe24,279ae2110dda0721,481.726,,0.78,481.726,7.30898,1.72,557.802,7.25995,2.98,557.802,7.2569,3.61,562.59,7.2645,4.51,562.59,7.25445,5.73,562.59,7.26432,10.99,72.08061
addpipe24,2ae110c0188b6580,476.14,,0.82,476.14,7.5826,1.73,529.872,7.47546,2.99,529.872,7.47698,3.61,534.66,7.48504,4.43,534.66,7.48403,5.52,534.66,7.48589,10.76,74.32424
addpipe24,2f4e30caeb08b2f8,306.432,,0.62,306.432,6.25176,1.51,380.38,6.14893,2.62,380.38,6.13785,3.17,385.168,6.14669,3.95,385.168,6.13139,4.76,385.168,6.1642,8.87,61.256832
addpipe24,3992bb8c3b6d4817,472.948,,0.81,472.948,7.1517,1.76,549.024,7.08807,3.03,549.024,7.08147,3.66,553.812,7.09352,4.51,553.812,7.07997,6.1,553.812,7.09784,12.59,70.424588
addpipe24,3ace374f4c9f4d1a,475.342,,0.82,475.342,7.34174,1.77,552.748,7.26604,3.04,552.748,7.25863,3.66,557.536,7.26647,4.52,557.536,7.24687,5.85,557.536,7.27036,11.12,72.146064
addpipe24,3d495c794b4735bf,469.49,,0.81,469.49,7.57611,1.77,526.148,7.51219,3.07,526.148,7.51291,3.7,530.936,7.51942,4.6,530.936,7.51017,5.66,530.936,7.51866,11.79,74.655664
addpipe24,41494ec63da8e6fd,598.766,,0.95,598.766,7.34362,1.91,655.424,7.27208,3.19,655.424,7.27719,3.84,660.212,7.27933,4.72,660.212,7.26047,6.51,660.212,7.28251,13.82,72.164888
addpipe24,435bf6cb1c508c5b,506.464,,0.88,506.464,7.30869,1.86,570.836,7.2599,3.12,570.836,7.25573,3.76,575.624,7.26194,4.62,575.624,7.25162,5.9,575.624,7.26231,11.63,72.047476
addpipe24,4866ed98e11721b6,526.414,,0.81,526.414,7.14365,1.76,601.692,7.08841,3.03,603.554,7.08294,3.69,608.342,7.09058,4.58,608.342,7.07807,6.27,608.342,7.09043,14.05,70.295958
addpipe24,52e37c4567fb5187,414.694,,0.73,414.694,7.44163,1.62,486.248,7.38242,2.78,486.248,7.37778,3.36,491.036,7.38954,4.16,491.036,7.37666,5.59,491.036,7.39007,10.93,73.409664
addpipe24,62824838f720d5e2,458.318,,0.78,458.318,7.42246,1.71,530.138,7.371,2.92,530.138,7.37016,3.52,534.926,7.37696,4.34,534.926,7.36876,5.35,534.926,7.37772,10.92,73.242274
addpipe24,62849d56a7713cc1,469.49,,0.77,469.49,7.57611,1.68,526.148,7.5122,2.95,526.148,7.51259,3.54,530.936,7.51923,4.34,530.936,7.51002,5.3,530.936,7.52037,11.15,74.672764
addpipe24,654d32f36d3887ad,495.558,,0.82,495.558,7.60262,1.78,549.822,7.51979,3.04,549.822,7.51482,3.66,554.61,7.52391,4.51,554.61,7.51034,5.62,554.61,7.5247,12.86,74.69239
addpipe24,68b1df4315944bb8,481.46,,0.81,481.46,7.61277,1.75,542.906,7.51064,2.98,542.906,7.50798,3.61,547.694,7.52012,4.46,547.694,7.51327,5.97,547.694,7.5195,12.1,74.647306
addpipe24,6ac85cc8c3a95476,401.394,,0.7,401.394,7.42192,1.61,478.8,7.33981,2.77,480.662,7.33639,3.33,485.45,7.35195,4.13,485.45,7.33962,5.2,485.45,7.35351,10.1,73.04965
addpipe24,6f4b2c7835d2dda7,484.386,,0.78,484.386,7.49642,1.69,556.472,7.44848,2.89,556.472,7.44542,3.51,561.26,7.4561,4.35,561.26,7.44712,5.49,561.26,7.45425,11.43,73.98124
addpipe24,72fdbfc07afab609,499.814,,0.81,499.814,7.38321,1.78,575.358,7.32416,3.1,575.358,7.32131,3.73,580.146,7.33322,4.61,580.146,7.32206,5.93,580.146,7.33963,11.71,72.816154
addpipe24,7606a7a463cb12f9,431.186,,0.79,431.186,7.49038,1.75,502.74,7.44265,3.0,502.74,7.44105,3.62,507.528,7.44845,4.48,507.528,7.4337,5.54,507.528,7.44765,11.58,73.968972
addpipe24,7950a1cf2d3b2919,495.824,,0.79,495.824,7.45731,1.75,569.506,7.42981,3.0,569.506,7.42715,3.61,574.294,7.43431,4.48,574.294,7.42414,5.79,574.294,7.43554,11.57,73.781106
addpipe24,7a21162f4c382bef,498.218,,0.79,498.218,7.59973,1.72,550.62,7.4896,2.93,551.684,7.4875,3.56,556.472,7.50212,4.4,556.472,7.48716,5.89,556.472,7.50091,12.04,74.452628
addpipe24,7ad6fa266a3a6b29,512.316,,0.81,512.316,7.32633,1.77,583.604,7.26305,3.03,583.604,7.26005,3.69,588.392,7.26519,4.54,588.392,7.24857,5.83,588.392,7.2676,12.1,72.087608
addpipe24,7b3646d5bad02855,471.884,,0.77,471.884,7.51384,1.68,531.468,7.4326,2.89,531.468,7.43092,3.48,536.256,7.43746,4.29,536.256,7.42118,5.47,536.256,7.43738,11.33,73.837544
addpipe24,7b72a43f0b388357,485.716,,0.86,485.716,7.351,1.83,553.546,7.29878,3.12,553.546,7.29562,3.78,558.334,7.30067,4.65,558.334,7.28993,5.8,558.334,7.30113,11.54,72.452966
addpipe24,819af75145e91d21,472.682,,0.8,472.682,7.5076,1.75,542.374,7.47108,3.0,542.374,7.46706,3.63,547.162,7.47762,4.47,547.162,7.47079,6.07,547.162,7.47514,13.06,74.204238
addpipe24,822a18e5d13dfd56,485.184,,0.79,485.184,7.1887,1.75,561.526,7.13476,3.02,563.388,7.13051,3.65,568.176,7.14485,4.51,568.176,7.13925,5.66,568.176,7.14639,10.96,70.895724
addpipe24,83bf142d73966202,491.834,,0.83,491.834,7.33276,1.79,561.26,7.28245,3.02,561.26,7.28111,3.65,566.048,7.28929,4.5,566.048,7.28147,6.2,566.048,7.29065,12.48,72.340452
addpipe24,87bf575d17cbc942,515.508,,0.78,515.508,7.57607,1.7,570.57,7.48277,2.88,570.57,7.48249,3.5,575.358,7.4899,4.33,575.358,7.46934,5.92,575.358,7.48888,12.73,74.313442
addpipe24,891e2ed43a75e2ba,391.02,,0.69,391.02,7.38774,1.59,464.702,7.32577,2.73,464.702,7.32189,3.28,469.49,7.34047,4.07,469.49,7.33197,5.04,469.49,7.34533,9.73,72.98381
addpipe24,8986e665326b474a,395.542,,0.72,395.542,7.47824,1.65,470.022,7.42213,2.81,470.022,7.42075,3.39,474.81,7.43312,4.2,474.81,7.42538,5.66,474.81,7.43502,10.84,73.87539
addpipe24,8ae5ec527671f9f5,492.1,,0.76,492.1,7.56768,1.67,545.3,7.47851,2.87,545.3,7.47719,3.48,550.088,7.48302,4.3,550.088,7.47601,5.32,550.088,7.48544,10.9,74.304312
addpipe24,8baa9d5a69695f62,501.41,,0.76,501.41,7.53193,1.68,561.26,7.46166,2.89,561.26,7.45756,3.49,566.048,7.47228,4.34,566.048,7.46831,5.58,566.048,7.47366,13.0,74.170552
addpipe24,910cf2fd57590190,509.124,,0.8,509.124,7.14371,1.74,588.392,7.06241,3.01,588.392,7.05145,3.66,593.18,7.06206,4.53,593.18,7.04036,5.47,593.18,7.07368,11.49,70.14362
addpipe24,9a724f3c4d6ae6e0,494.228,,0.79,494.228,7.53944,1.74,554.344,7.48002,3.01,554.344,7.47884,3.64,559.132,7.48687,4.51,559.132,7.47862,6.07,559.132,7.48439,13.5,74.284768
addpipe24,9be6a365dbb63f88,485.716,,0.77,485.716,7.33366,1.74,566.048,7.28055,3.03,566.048,7.2776,3.68,570.836,7.28244,4.56,570.836,7.26581,5.87,570.836,7.28223,12.01,72.251464
addpipe24,9dc6da3010556c11,453.264,,0.8,453.264,7.36979,1.77,526.148,7.3156,3.04,526.148,7.31101,3.66,530.936,7.31842,4.53,530.936,7.30981,5.73,530.936,7.32421,10.91,72.711164
addpipe24,a3779ee27f81dd13,442.092,,0.76,442.092,7.46323,1.71,507.528,7.41854,2.94,507.528,7.4168,3.55,512.316,7.4238,4.39,512.316,7.41205,5.91,512.316,7.42358,12.11,73.723484
addpipe24,a9124d74b6a1c11b,491.302,,0.77,491.302,7.42089,1.71,562.856,7.38913,2.94,562.856,7.38376,3.58,567.644,7.39137,4.44,567.644,7.38241,6.0,567.644,7.39244,12.46,73.356756
addpipe24,aa3b144fe128e55b,466.298,,0.74,466.298,7.28573,1.64,541.044,7.23514,2.82,544.768,7.23273,3.42,549.556,7.23941,4.24,549.556,7.22621,5.78,549.556,7.24064,11.61,71.856844
addpipe24,ab11e975adddeab0,453.53,,0.79,453.53,7.57043,1.72,517.37,7.50678,2.94,517.37,7.50152,3.53,522.158,7.5082,4.35,522.158,7.49556,5.39,522.158,7.51138,11.36,74.591642
addpipe24,aed8dfe01664024a,495.824,,0.84,495.824,7.47566,1.77,562.058,7.38571,3.02,563.92,7.39058,3.63,568.708,7.397,4.47,568.708,7.3804,6.08,568.708,7.39984,11.74,73.429692
addpipe24,b02a296cf705e38e,450.072,,0.71,450.072,7.49042,1.6,515.508,7.43248,2.79,515.508,7.42561,3.39,520.828,7.43574,4.21,520.828,7.42565,5.31,520.828,7.43628,11.19,73.841972
addpipe24,b2dab3938d9ed876,470.288,,0.79,470.288,7.54934,1.7,533.33,7.49447,2.91,533.33,7.49079,3.54,538.118,7.50406,4.41,538.118,7.49953,5.46,538.118,7.50646,12.6,74.526482
addpipe24,b43598645a9d67c1,468.426,,0.82,468.426,7.44891,1.77,540.778,7.37266,3.02,540.778,7.36946,3.65,545.566,7.37517,4.5,545.566,7.36594,5.57,545.566,7.37636,10.64,73.218034
addpipe24,b544bafdda59ecd4,556.738,,0.91,556.738,7.36642,1.83,614.194,7.25763,3.08,616.056,7.2742,3.71,620.844,7.28112,4.55,620.844,7.2597,6.14,620.844,7.28468,12.97,72.225956
addpipe24,b5cc66f3adde6c17,427.462,,0.96,427.462,7.56212,1.9,492.366,7.51164,3.13,492.366,7.50986,3.73,497.154,7.51699,4.57,497.154,7.49779,5.62,497.154,7.51802,11.02,74.683046
addpipe24,c093743f8dfff0f8,459.648,,0.81,459.648,7.60617,1.77,518.966,7.50047,3.02,518.966,7.49687,3.68,523.754,7.50767,4.53,523.754,7.49061,5.71,523.754,7.50372,12.59,74.513446
addpipe24,c127ced62ec50dbf,500.612,,0.78,500.612,7.19778,1.74,577.486,7.13996,2.99,579.348,7.13381,3.62,584.136,7.14407,4.47,584.136,7.1209,5.69,584.136,7.14541,12.0,70.869964
addpipe24,c7273371ce435747,575.358,,1.08,575.358,7.56221,2.0,624.036,7.40074,3.29,634.942,7.43681,3.98,639.73,7.44284,4.86,639.73,7.41944,6.07,639.73,7.43666,14.46,73.72687
addpipe24,c850d21355b49473,466.564,,0.76,466.564,7.38808,1.68,547.428,7.34251,2.93,547.428,7.33844,3.54,552.216,7.34822,4.37,552.216,7.33708,5.66,552.216,7.34598,11.78,72.907584
addpipe24,ce222deacf220120,458.318,,0.8,458.318,7.42246,1.75,530.138,7.371,3.05,530.138,7.37016,3.68,534.926,7.37696,4.55,534.926,7.36876,5.63,534.926,7.37787,11.62,73.243774
addpipe24,d3a73c075dd05e6e,439.964,,0.84,439.964,7.5833,1.76,505.4,7.5009,2.96,505.4,7.50382,3.57,510.188,7.50835,4.39,510.188,7.49579,5.34,510.188,7.51012,11.26,74.591012
addpipe24,d3cb8af5886c7a40,483.056,,0.77,483.056,7.32774,1.73,564.452,7.2779,2.97,564.452,7.27344,3.6,569.24,7.28201,4.47,569.24,7.2716,5.74,569.24,7.28205,11.6,72.25126
addpipe24,d45bb320cceac21b,466.83,,0.78,466.83,7.22363,1.74,544.502,7.10472,2.99,546.364,7.09797,3.61,551.152,7.11239,4.46,551.152,7.09999,6.07,551.152,7.11565,12.27,70.605348
addpipe24,daf9cd8024106c9d,485.45,,0.82,485.45,7.28707,1.79,558.866,7.25234,3.04,558.866,7.24781,3.68,563.654,7.26169,4.56,563.654,7.2399,6.31,563.654,7.26008,13.22,72.037146
addpipe24,dd153dddd4e69308,466.83,,0.79,466.83,7.53448,1.76,534.66,7.49428,3.0,534.66,7.49219,3.63,539.448,7.50257,4.5,539.448,7.49832,5.64,539.448,7.5022,11.74,74.482552
addpipe24,e1d0b2469e7d2e85,488.376,,0.8,488.376,7.5624,1.7,544.502,7.5099,2.94,544.502,7.50762,3.55,549.822,7.51684,4.39,549.822,7.51197,5.57,549.822,7.51732,12.39,74.623378
addpipe24,ec5f39a28bea0e64,508.858,,0.85,508.858,7.30688,1.77,571.634,7.27009,3.04,571.634,7.26861,3.64,576.422,7.27247,4.47,576.422,7.2658,5.71,576.422,7.2722,11.37,72.145578
addpipe24,ef84fa95077ddda8,515.508,,0.8,515.508,7.53618,1.75,580.944,7.48094,3.03,580.944,7.48095,3.67,585.732,7.48931,4.53,585.732,7.48331,5.75,585.732,7.49134,11.77,74.327668
addpipe24,f1396a9859493965,448.742,,0.73,448.742,7.42573,1.64,519.764,7.381,2.8,519.764,7.37832,3.4,524.552,7.39207,4.21,524.552,7.3807,5.44,524.552,7.38883,11.21,73.363748
addpipe24,fffac83711ead4a6,502.208,,0.8,502.208,7.23422,1.77,579.88,7.18314,3.04,579.88,7.17813,3.69,584.668,7.19241,4.56,584.668,7.17948,5.91,584.668,7.19241,11.82,71.339432
addpipe32,0815c32f3743894f,688.408,,0.99,688.408,7.27154,2.0,776.986,7.19286,3.39,776.986,7.18628,4.11,784.966,7.19296,5.06,784.966,7.17888,6.89,784.966,7.2006,13.7,71.221034
addpipe32,08e5242ed9281aaa,656.222,,0.85,656.222,7.1059,1.81,755.972,7.06917,3.18,757.834,7.06456,3.86,766.08,7.07974,4.78,766.08,7.06255,6.58,766.08,7.07722,13.17,70.00612
addpipe32,08fb8fa059a75c1f,618.716,,0.85,618.716,7.52653,1.78,697.452,7.44917,3.09,699.314,7.44208,3.76,708.092,7.45459,4.65,708.092,7.44714,5.88,708.092,7.45669,12.18,73.858808
addpipe32,0a486d19a81b80f9,613.662,,0.8,613.662,7.0583,1.8,711.284,6.99722,3.13,711.284,6.99072,3.79,720.062,7.00755,4.68,720.062,6.99508,5.89,720.062,7.00666,12.13,69.346538
addpipe32,131d166d08cdeb3c,639.996,,0.86,639.996,6.9999,1.84,741.342,6.91712,3.17,741.342,6.91089,3.86,749.322,6.92335,4.77,749.322,6.90796,6.41,749.322,6.92802,13.72,68.530878
addpipe32,1470e68766062fd8,616.056,,0.89,616.056,7.33924,1.87,718.998,7.28192,3.22,718.998,7.27771,3.91,726.978,7.29061,4.81,726.978,7.27612,6.48,726.978,7.2926,12.97,72.199022
addpipe32,18937b444111a37d,636.006,,0.88,636.006,7.52342,1.85,716.604,7.43914,3.21,716.604,7.43395,3.89,725.382,7.44671,4.84,725.382,7.43868,6.17,725.382,7.44732,13.31,73.747818
addpipe32,20176e4697e1603e,665.266,,0.88,665.266,7.20305,1.85,768.74,7.15048,3.2,768.74,7.14735,3.89,776.72,7.15898,4.81,776.72,7.14616,6.36,776.72,7.16028,12.83,70.82608
addpipe32,2103727093ecc5bf,669.788,,0.88,669.788,7.11864,1.85,773.528,7.03803,3.23,773.528,7.03055,3.94,782.572,7.04604,4.89,782.572,7.02822,6.19,782.572,7.05159,13.35,69.733328
addpipe32,2545525bb5fde5c6,633.878,,0.91,633.878,7.52888,1.87,714.476,7.44815,3.21,714.476,7.44093,3.91,723.52,7.45339,4.81,723.52,7.44268,6.43,723.52,7.45306,13.77,73.80708
addpipe32,2ad4fffdae02e927,638.4,,0.86,638.4,7.45488,1.82,726.712,7.40415,3.17,726.712,7.39923,3.86,735.49,7.41443,4.81,735.49,7.40587,6.24,735.49,7.41135,13.82,73.37801
addpipe32,2c6a569af066c06b,606.746,,0.88,606.746,7.40994,1.86,694.792,7.33107,3.23,694.792,7.32774,3.94,703.57,7.33953,4.85,703.57,7.33358,6.25,703.57,7.34276,12.3,72.72403
addpipe32,32d8a2241200dd78,592.382,,0.9,592.382,7.40372,1.9,682.822,7.31849,3.24,682.822,7.31595,3.97,691.334,7.32793,4.93,691.334,7.32104,6.14,691.334,7.33394,12.04,72.648066
addpipe32,3553f27a3d4790ef,664.734,,1.03,664.734,7.27268,2.0,757.568,7.21273,3.36,759.43,7.21004,4.04,767.41,7.21807,4.95,767.41,7.20681,6.81,767.41,7.21899,13.34,71.42249
addpipe32,35a09caded2c2886,734.958,,1.02,734.958,7.35327,2.0,817.95,7.26062,3.38,821.142,7.28048,4.1,830.718,7.28903,5.03,830.718,7.27329,6.99,830.718,7.29374,14.61,72.106682
addpipe32,3601b38b0e0d6a6e,635.74,,0.91,635.74,7.41244,1.9,721.126,7.36719,3.3,722.988,7.3661,4.0,732.564,7.37994,4.92,732.564,7.37419,6.74,732.564,7.38146,14.03,73.082036
addpipe32,366b40e2e45a8953,635.74,,0.87,635.74,7.25235,1.85,739.48,7.19526,3.2,739.48,7.18798,3.89,747.992,7.20271,4.81,747.992,7.19021,6.13,747.992,7.20575,12.21,71.309508
addpipe32,375b1ca90a94ba9a,639.464,,0.87,639.464,7.22851,1.86,743.47,7.13815,3.23,743.47,7.12884,3.93,750.918,7.13672,4.84,750.918,7.11213,6.12,750.918,7.14127,12.36,70.661782
addpipe32,3a709cc9a152c1fa,774.06,,0.89,774.06,7.22998,1.86,874.342,7.15627,3.27,874.342,7.15458,3.99,883.386,7.16585,4.91,883.386,7.14894,6.68,883.386,7.16581,13.42,70.774714
addpipe32,3b9941c892a9e41a,614.992,,0.89,614.992,7.35087,1.87,716.338,7.29813,3.22,716.338,7.29493,3.92,725.382,7.3051,4.83,725.382,7.29142,6.21,725.382,7.30494,12.18,72.324018
addpipe32,3c52ac4caeb5185e,688.94,,0.85,688.94,6.93273,1.83,793.744,6.85693,3.19,793.744,6.85353,3.93,802.788,6.86062,4.86,802.788,6.84364,6.61,802.788,6.86423,13.36,67.839512
addpipe32,40afa9abb8adc96c,659.946,,0.9,659.946,7.38004,1.88,745.066,7.27044,3.28,746.396,7.26573,3.99,755.44,7.28064,4.93,755.44,7.26222,6.21,755.44,7.28244,12.55,72.06896
addpipe32,40efbd4604f72599,627.494,,0.84,627.494,7.47172,1.78,707.294,7.37954,3.11,707.294,7.37113,3.76,716.338,7.38259,4.63,716.338,7.37422,5.77,716.338,7.38287,11.78,73.112362
addpipe32,44cff3c6fdbb1004,644.518,,0.92,644.518,7.39273,1.9,729.638,7.34464,3.25,729.638,7.34054,3.93,738.682,7.3511,4.82,738.682,7.34539,6.15,738.682,7.34905,12.58,72.751818
addpipe32,494f4ede0046e45b,680.428,,0.92,680.428,7.44633,1.9,760.494,7.38496,3.26,760.494,7.38176,3.95,769.272,7.39479,4.86,769.272,7.38777,6.66,769.272,7.39367,13.53,73.167428
addpipe32,498bc17af5c5d5e8,696.388,,0.96,696.388,7.3999,1.95,772.996,7.29805,3.31,772.996,7.29377,4.03,782.04,7.3,4.96,782.04,7.2874,6.88,782.04,7.29722,14.65,72.19016
addpipe32,4dad6f5441521d94,637.336,,0.88,637.336,7.42534,1.85,734.426,7.37703,3.2,734.426,7.36951,3.91,742.406,7.37876,4.84,742.406,7.3613,6.06,742.406,7.38154,12.96,73.072994
addpipe32,4e887e4af02e54c7,628.558,,0.86,628.558,7.45806,1.77,708.624,7.39094,3.09,708.624,7.39379,3.76,717.402,7.40463,4.64,717.402,7.39654,5.9,717.402,7.40081,11.9,73.290698
addpipe32,597c8a74f79042a7,824.866,,1.1,824.866,7.36829,2.07,896.952,7.26702,3.5,898.814,7.26423,4.24,907.858,7.27019,5.22,907.858,7.26078,7.35,907.858,7.26578,15.58,71.749942
addpipe32,5e0bd679c1d2aec7,674.31,,0.86,674.31,7.15578,1.83,774.06,7.10223,3.19,774.06,7.10262,3.88,782.04,7.11334,4.81,782.04,7.09659,6.26,782.04,7.11275,12.86,70.34546
addpipe32,6280265b35c24b63,611.8,,0.87,611.8,7.23339,1.85,716.604,7.16632,3.19,716.604,7.15887,3.87,726.18,7.17259,4.8,726.18,7.16216,6.64,726.18,7.17946,12.91,71.06842
addpipe32,62f294b685038bc2,736.82,,1.01,736.82,7.2337,1.99,810.236,7.13839,3.38,813.96,7.13477,4.1,823.536,7.14234,5.0,823.536,7.12815,6.84,823.536,7.14825,14.41,70.658964
addpipe32,6546244739b15e60,688.94,,0.9,688.94,7.53145,1.85,763.686,7.47444,3.19,763.686,7.47566,3.88,771.134,7.48602,4.78,771.134,7.47475,6.1,771.134,7.48399,12.64,74.068766
addpipe32,6b51ee7d75960bdd,639.73,,0.86,639.73,7.12636,1.83,743.47,7.03605,3.2,744.534,7.05143,3.89,753.312,7.06321,4.82,753.312,7.04721,6.12,753.312,7.06024,12.51,69.849088
addpipe32,6bbd9539f0f5d1d8,627.228,,0.86,627.228,7.21656,1.84,727.51,7.1684,3.17,727.51,7.16462,3.87,736.554,7.17412,4.78,736.554,7.15964,6.23,736.554,7.17508,11.88,71.014246
addpipe32,736f22d2da01e5bc,659.148,,0.87,659.148,7.04727,1.84,761.824,6.9747,3.21,761.824,6.96518,3.89,769.804,6.97795,4.8,769.804,6.96739,6.7,769.804,6.98431,14.09,69.073296
addpipe32,7877c16f6da1bace,643.72,,0.86,643.72,7.31523,1.83,749.056,7.25474,3.17,749.056,7.25337,3.86,758.1,7.26453,4.77,758.1,7.25766,6.1,758.1,7.26479,11.92,71.8898
addpipe32,7dae0308fcf3b4c7,620.844,,0.84,620.844,7.2811,1.79,724.584,7.22026,3.17,726.446,7.22394,3.84,735.49,7.23465,4.73,735.49,7.22735,6.42,735.49,7.23379,13.34,71.60241
addpipe32,7e454a298825862b,664.202,,0.97,664.202,7.38256,1.96,751.184,7.30194,3.34,751.184,7.29694,4.05,760.228,7.30265,4.97,760.228,7.29299,6.97,760.228,7.30218,15.08,72.261572
addpipe32,8184891279c2c552,665.266,,0.85,665.266,7.56315,1.77,742.672,7.49693,3.09,742.672,7.49323,3.75,751.716,7.5076,4.61,751.716,7.49561,5.77,751.716,7.50083,12.46,74.256584
addpipe32,8b9c189e4c11135c,627.494,,0.82,627.494,7.07135,1.74,725.914,7.00615,2.99,725.914,7.00182,3.67,733.362,7.01086,4.52,733.362,7.00054,6.13,733.362,7.01177,12.29,69.384338
addpipe32,8c77b9a6de764dde,618.716,,0.83,618.716,7.48236,1.79,706.23,7.41232,3.13,706.23,7.40798,3.77,714.21,7.41704,4.66,714.21,7.4138,5.97,714.21,7.41791,12.0,73.46489
addpipe32,9744a9f18c8b9c2e,660.744,,0.89,660.744,7.54613,1.83,730.17,7.47199,3.13,730.17,7.47188,3.79,739.746,7.48037,4.65,739.746,7.46562,5.9,739.746,7.47993,12.94,74.059554
addpipe32,992edcdf2785e223,619.248,,0.87,619.248,7.51744,1.82,709.156,7.4568,3.12,709.156,7.4583,3.8,717.136,7.46866,4.67,717.136,7.45578,5.89,717.136,7.47353,12.33,74.018164
addpipe32,9b5ee2bc64d15353,668.724,,0.89,668.724,7.42753,1.86,758.366,7.37848,3.22,758.366,7.37715,3.91,765.814,7.39103,4.82,765.814,7.38443,6.61,765.814,7.38945,14.13,73.128686
addpipe32,9cc01d2e168d0da4,664.734,,0.93,664.734,7.358,1.92,751.45,7.29628,3.25,751.45,7.29411,3.94,760.494,7.30496,4.87,760.494,7.29381,6.69,760.494,7.30453,14.65,72.284806
addpipe32,a04b1341b7ef33d4,671.384,,0.85,671.384,7.57073,1.77,737.352,7.47934,3.06,737.352,7.47565,3.69,746.13,7.48725,4.55,746.13,7.47298,5.78,746.13,7.48722,12.24,74.12607
addpipe32,a2d7a7d869a76e60,608.076,,0.91,608.076,7.48709,1.88,688.408,7.34711,3.26,688.408,7.3445,3.98,697.452,7.35798,4.94,697.452,7.35129,6.57,697.452,7.35847,13.41,72.887248
addpipe32,a51a1bfd51074ed9,726.978,,0.97,726.978,7.28816,1.91,803.586,7.21702,3.21,803.586,7.21629,3.89,812.364,7.22648,4.76,812.364,7.21228,6.57,812.364,7.22361,13.32,71.423736
addpipe32,b4d6918ee61059f0,590.52,,0.89,590.52,7.39283,1.86,685.748,7.34295,3.18,685.748,7.33713,3.86,694.526,7.34803,4.8,694.526,7.33762,6.51,694.526,7.3473,13.14,72.778474
addpipe32,c2db31e8de2b39a6,671.384,,0.88,671.384,7.57073,1.83,737.352,7.47926,3.17,737.352,7.47487,3.83,746.13,7.48583,4.71,746.13,7.47232,5.98,746.13,7.48971,12.36,74.15097
addpipe32,c4404f9d1d60f661,642.39,,0.84,642.39,7.47162,1.77,721.126,7.38933,3.09,721.126,7.38225,3.77,729.106,7.39673,4.64,729.106,7.38947,6.28,729.106,7.398,12.6,73.250894
addpipe32,c53a5dfeed09868f,633.08,,0.9,633.08,7.16938,1.86,737.086,7.10692,3.21,737.086,7.10386,3.88,746.662,7.11785,4.81,746.662,7.10088,6.67,746.662,7.11922,13.03,70.445538
addpipe32,c5518a6fe5a6b5f6,637.602,,0.85,637.602,6.96662,1.82,742.406,6.88791,3.21,742.406,6.88163,3.9,751.184,6.89478,4.81,751.184,6.87652,6.02,751.184,6.90284,12.0,68.277216
addpipe32,c59dda0353a1a3ed,798.266,,1.07,798.266,7.35362,2.04,874.342,7.26274,3.47,874.342,7.25621,4.21,882.322,7.26282,5.14,882.322,7.25335,7.09,882.322,7.26976,15.02,71.815278
addpipe32,ca70129d3e871379,672.448,,0.86,672.448,7.24234,1.81,770.07,7.18445,3.15,771.932,7.18461,3.84,781.508,7.19343,4.75,781.508,7.17904,6.54,781.508,7.1891,13.61,71.109492
addpipe32,d8141f0a101ea64e,674.842,,0.9,674.842,7.55463,1.86,747.194,7.39794,3.17,747.194,7.39686,3.83,756.77,7.40733,4.74,756.77,7.40285,6.45,756.77,7.41587,14.6,73.40193
addpipe32,dd2ce329ecc7f01b,765.548,,1.02,765.548,7.27814,1.98,846.678,7.16073,3.35,846.678,7.15601,4.04,855.722,7.16138,4.94,855.722,7.14905,6.76,855.722,7.16671,14.87,70.811378
addpipe32,e0d58514a5c7bd9e,638.4,,0.9,638.4,7.25967,1.85,733.096,7.20865,3.16,734.958,7.20654,3.85,743.736,7.21535,4.76,743.736,7.20783,6.53,743.736,7.21614,12.87,71.417664
addpipe32,e13bfd3227322f1d,757.568,,1.01,757.568,7.33411,1.99,842.954,7.25006,3.39,842.954,7.24129,4.11,851.732,7.24936,5.06,851.732,7.23943,6.6,851.732,7.25365,14.0,71.684768
addpipe32,e162215fc6fa7e60,609.406,,0.85,609.406,7.49851,1.82,690.802,7.42778,3.19,690.802,7.42438,3.87,699.846,7.43211,4.74,699.846,7.41931,6.06,699.846,7.43727,12.51,73.672854
addpipe32,e19b9524398747bf,636.538,,0.88,636.538,7.45234,1.87,725.914,7.39287,3.22,725.914,7.39094,3.9,733.894,7.40621,4.83,733.894,7.39094,6.63,733.894,7.40231,14.42,73.289206
addpipe32,e4fd5ad25c2c4bcc,645.848,,0.86,645.848,6.93872,1.83,745.864,6.89736,3.21,745.864,6.89425,3.89,754.908,6.9068,4.79,754.908,6.89198,6.18,754.908,6.9073,12.46,68.318092
addpipe32,e553a7cf7f1684d8,673.512,,0.9,673.512,7.53056,1.86,742.672,7.47671,3.16,742.672,7.47326,3.85,751.45,7.48471,4.75,751.45,7.47507,6.1,751.45,7.48593,12.95,74.10785
addpipe32,eef7ca0ffff55584,665.266,,0.88,665.266,7.43873,1.84,758.1,7.38852,3.19,758.1,7.37904,3.89,766.878,7.39391,4.82,766.878,7.38454,6.09,766.878,7.39158,13.08,73.148922
addpipe32,f7289ccacb5f9f76,674.576,,1.0,674.576,7.28533,1.98,762.356,7.19851,3.38,764.218,7.19692,4.1,772.996,7.20963,5.05,772.996,7.19813,6.98,772.996,7.21372,14.04,71.364204
addpipe32,f9521d044c016f35,658.35,,1.02,658.35,7.22716,1.99,748.79,7.15017,3.38,748.79,7.14926,4.09,758.366,7.16026,5.03,758.366,7.15013,6.45,758.366,7.16659,12.3,70.907534
addpipe32,fc9d6e544d8dcb3d,641.326,,0.86,641.326,7.53997,1.78,717.668,7.44527,3.1,717.668,7.44436,3.76,727.244,7.45316,4.63,727.244,7.44271,5.9,727.244,7.45326,12.36,73.805356
addpipe32,fdba0bf7e9d08627,634.942,,0.84,634.942,6.98325,1.79,738.682,6.90416,3.14,738.682,6.89505,3.83,746.662,6.90597,4.73,746.662,6.88673,6.02,746.662,6.90754,13.17,68.328738
addpipe32,ff12d66460411da6,686.014,,0.84,686.014,7.06997,1.81,784.168,7.00513,3.17,784.168,6.99672,3.87,792.946,7.01239,4.81,792.946,6.99025,6.67,792.946,7.01211,13.33,69.328154
addpipe36,0150e9ad9721bf4e,714.742,,0.88,714.742,6.9179,1.84,835.772,6.84577,3.21,835.772,6.83667,3.9,844.816,6.85775,4.79,844.816,6.84547,6.16,844.816,6.85608,12.24,67.715984
addpipe36,04cf6402c5773b43,819.812,,0.98,819.812,7.3319,1.97,911.316,7.26531,3.46,911.316,7.26479,4.21,920.892,7.27871,5.24,920.892,7.26674,7.39,920.892,7.27863,14.92,71.865408
addpipe36,05d1b65469fdacb0,729.904,,0.92,729.904,7.51665,1.9,814.492,7.41304,3.32,814.492,7.40707,4.01,824.068,7.43278,4.96,824.068,7.42399,6.32,824.068,7.43072,13.2,73.483132
addpipe36,0aba8785d24caf6a,913.976,,1.35,913.976,7.27729,2.33,1000.96,7.17337,3.86,1000.96,7.16719,4.64,1010.53,7.17835,5.62,1010.53,7.16239,7.66,1010.53,7.18313,16.69,70.82077
addpipe36,0b28957b1cbcf71f,716.87,,0.86,716.87,6.86809,1.84,826.462,6.73821,3.28,826.462,6.73093,3.98,835.506,6.75,4.89,835.506,6.73831,6.68,835.506,6.75955,13.92,66.759994
addpipe36,0c75cf5db1f70cca,790.02,,0.96,790.02,7.2574,1.93,888.44,7.19375,3.37,888.44,7.19,4.12,897.484,7.19927,5.09,897.484,7.18938,6.99,897.484,7.20251,14.09,71.127616
addpipe36,126d85874547fcaa,863.702,,1.1,863.702,7.30827,2.09,957.334,7.16605,3.62,958.664,7.19254,4.39,966.644,7.2073,5.36,966.644,7.18884,7.02,966.644,7.2065,14.3,71.098356
addpipe36,1aea2940dacfb155,684.684,,0.89,684.684,7.48839,1.84,784.7,7.39825,3.24,784.7,7.39503,3.94,793.744,7.40777,4.85,793.744,7.39428,6.16,793.744,7.40786,12.56,73.284856
addpipe36,1b67806e4117b03b,715.806,,0.89,715.806,7.49223,1.85,805.714,7.39005,3.22,805.714,7.38432,3.89,814.492,7.40066,4.79,814.492,7.3914,6.15,814.492,7.4052,12.79,73.237508
addpipe36,1d0d1cebe3df66a4,693.994,,0.93,693.994,7.30727,1.91,801.724,7.24678,3.37,801.724,7.24005,4.09,810.502,7.25101,5.02,810.502,7.23651,6.89,810.502,7.25222,13.59,71.711698
addpipe36,21bcdf199a18d719,743.204,,0.92,743.204,7.54693,1.9,826.196,7.46368,3.35,826.196,7.45996,4.04,835.24,7.47782,4.94,835.24,7.47309,6.36,835.24,7.47921,12.96,73.95686
addpipe36,253e7291387e188f,684.152,,0.88,684.152,7.11601,1.86,800.66,7.03507,3.26,800.66,7.02813,3.94,809.438,7.04731,4.82,809.438,7.03804,6.51,809.438,7.05095,12.74,69.700062
addpipe36,278b97c489f25ea0,749.588,,1.0,749.588,7.40943,1.98,842.688,7.31281,3.39,842.688,7.31467,4.11,851.466,7.33159,5.03,851.466,7.32053,6.9,851.466,7.33069,14.07,72.455434
addpipe36,29aedd41e882f9b0,814.226,,0.93,814.226,7.53116,1.87,883.652,7.39561,3.29,885.514,7.3926,4.0,894.558,7.41187,4.89,894.558,7.40385,6.78,894.558,7.41516,14.4,73.257042
addpipe36,2a6154c1925065f7,873.81,,1.3,873.81,7.27732,2.28,966.112,7.18609,3.77,966.112,7.18654,4.53,974.092,7.1955,5.57,974.092,7.17603,7.68,974.092,7.20347,15.55,71.060608
addpipe36,2dd0254cad779295,732.298,,0.83,732.298,6.98482,1.78,848.54,6.90466,3.18,850.402,6.90075,3.88,859.446,6.91782,4.8,859.446,6.90969,6.77,859.446,6.92273,13.61,68.367854
addpipe36,2e95fa9492966f0b,701.708,,0.88,701.708,7.45343,1.82,804.118,7.4043,3.23,804.118,7.4048,3.93,812.63,7.42079,4.8,812.63,7.41444,6.01,812.63,7.41629,12.0,73.35027
addpipe36,3207d186d2ee711a,881.79,,1.24,881.79,7.31711,2.24,969.038,7.24883,3.76,969.038,7.24754,4.49,977.55,7.25416,5.47,977.55,7.23812,7.5,977.55,7.2548,15.91,71.57045
addpipe36,3793e5163a4ccaaf,738.682,,0.93,738.682,7.47607,1.91,828.324,7.4126,3.38,830.186,7.40867,4.1,838.698,7.42692,5.05,838.698,7.42269,7.06,838.698,7.42786,15.5,73.439902
addpipe36,38786593a24e9089,843.22,,0.9,843.22,7.24442,1.88,960.792,7.17834,3.35,960.792,7.17565,4.08,969.57,7.19329,5.02,969.57,7.18268,6.44,969.57,7.19026,12.85,70.93303
addpipe36,389b96916edca78a,743.47,,0.87,743.47,6.74856,1.83,861.308,6.6791,3.22,861.308,6.66702,3.91,870.884,6.68898,4.81,870.884,6.67463,6.71,870.884,6.69223,14.11,66.051416
addpipe36,3a09793a11ec58ec,676.97,,0.91,676.97,7.46053,1.9,778.582,7.40236,3.32,778.582,7.40003,4.03,787.626,7.4122,4.99,787.626,7.39581,6.32,787.626,7.41496,12.62,73.361974
addpipe36,3a826e83aa9b5f5e,786.296,,1.03,786.296,7.3411,2.01,879.13,7.25872,3.45,879.13,7.25583,4.17,888.706,7.27076,5.14,888.706,7.25562,6.74,888.706,7.26926,13.59,71.803894
addpipe36,3b1606e25e52efc8,836.836,,1.06,836.836,7.30409,2.07,926.478,7.24227,3.59,926.478,7.23652,4.4,934.458,7.24636,5.37,934.458,7.23144,7.27,934.458,7.24387,15.2,71.504242
addpipe36,3b9d52b398e0c559,712.88,,0.89,712.88,7.00645,1.85,830.718,6.93115,3.25,830.718,6.92922,3.95,838.166,6.94613,4.87,838.166,6.93569,6.57,838.166,6.94834,13.51,68.645234
addpipe36,402ea5b496ec7023,699.048,,0.9,699.048,7.50592,1.86,791.35,7.41045,3.28,793.212,7.41357,3.99,801.724,7.43618,4.89,801.724,7.42288,6.63,801.724,7.4369,14.46,73.567276
addpipe36,465830d48d7012b2,848.54,,1.21,848.54,7.24682,2.2,938.448,7.18513,3.7,938.448,7.17732,4.47,947.226,7.19124,5.48,947.226,7.17531,7.48,947.226,7.19275,15.3,70.980274
addpipe36,46d1d196a09b0895,860.244,,1.17,860.244,7.33938,2.18,949.088,7.22682,3.67,949.088,7.22027,4.45,958.132,7.232,5.45,958.132,7.21667,7.48,958.132,7.23119,15.95,71.353768
addpipe36,483658e3001f2e0c,679.364,,0.93,679.364,7.45459,1.88,774.858,7.37515,3.26,774.858,7.37289,3.94,783.902,7.38563,4.81,783.902,7.37446,5.94,783.902,7.38625,12.47,73.078598
addpipe36,4d9db3007206e74a,756.77,,0.98,756.77,7.30317,1.97,854.924,7.24195,3.4,854.924,7.23917,4.14,864.5,7.25057,5.09,864.5,7.24001,7.09,864.5,7.25374,13.69,71.6729
addpipe36,557056e5e4823130,733.628,,0.91,733.628,7.48801,1.86,823.536,7.40506,3.26,823.536,7.40437,3.93,832.58,7.42123,4.83,832.58,7.41228,6.17,832.58,7.41875,13.14,73.35492
addpipe36,564891fe3d346e64,771.4,,1.04,771.4,7.267,2.02,869.288,7.20839,3.48,871.15,7.20395,4.2,879.928,7.21802,5.14,879.928,7.20158,7.11,879.928,7.21823,14.16,71.302372
addpipe36,5be58e787b07d658,712.88,,0.92,712.88,7.33834,1.9,825.398,7.27155,3.28,825.398,7.26886,3.99,834.974,7.28645,4.89,834.974,7.2731,6.57,834.974,7.28911,13.16,72.056126
addpipe36,6507feb1a6601824,722.456,,0.98,722.456,7.48352,1.99,809.172,7.40857,3.41,809.172,7.40348,4.13,817.95,7.42197,5.07,817.95,7.41528,6.56,817.95,7.4282,14.15,73.46405
addpipe36,67a6bb81ca30a276,747.194,,1.01,747.194,7.43805,2.0,832.58,7.35117,3.43,832.58,7.35694,4.16,840.56,7.37033,5.1,840.56,7.36015,6.96,840.56,7.3678,14.04,72.83744
addpipe36,69e577fb2f302baf,758.632,,1.03,758.632,7.32486,2.01,854.924,7.26577,3.47,854.924,7.26348,4.2,863.968,7.27432,5.14,863.968,7.26076,7.11,863.968,7.28157,14.09,71.951732
addpipe36,6e09a24b45688118,702.506,,0.96,702.506,7.47326,1.96,795.606,7.40807,3.41,797.468,7.40856,4.17,806.246,7.42282,5.18,806.246,7.41592,6.75,806.246,7.42471,13.44,73.440854
addpipe36,6f4aafa7b08eeaf8,641.06,,0.9,641.06,7.24439,1.88,753.578,7.15984,3.26,753.578,7.15015,3.97,762.622,7.16984,4.88,762.622,7.16555,6.04,762.622,7.17555,11.95,70.992878
addpipe36,748778620419557c,694.526,,0.85,694.526,7.21142,1.84,812.896,7.1549,3.25,812.896,7.14984,3.94,821.674,7.16555,4.85,821.674,7.15371,6.58,821.674,7.16397,12.76,70.818026
addpipe36,749014c778da0a2c,795.34,,1.02,795.34,7.31178,1.99,891.898,7.20634,3.41,891.898,7.20266,4.17,901.474,7.21781,5.19,901.474,7.20413,7.24,901.474,7.21665,14.47,71.265026
addpipe36,766ca4a625aa300b,853.594,,1.17,853.594,7.30469,2.1,937.65,7.17166,3.56,941.374,7.16732,4.28,950.418,7.17824,5.21,950.418,7.16181,7.06,950.418,7.18601,13.46,70.909682
addpipe36,7993e869655d2aff,869.554,,1.11,869.554,7.32132,2.09,961.058,7.23652,3.54,961.058,7.23422,4.27,970.102,7.25006,5.2,970.102,7.24138,7.14,970.102,7.25785,15.75,71.608398
addpipe36,7db9f9432fa0e6eb,742.672,,0.99,742.672,7.33004,1.97,841.358,7.267,3.42,841.358,7.26221,4.16,850.402,7.28191,5.11,850.402,7.2663,6.52,850.402,7.27751,13.18,71.924698
addpipe36,7fc6d581ef6f09ef,753.046,,0.96,753.046,7.41874,1.95,839.23,7.36244,3.39,839.23,7.36113,4.13,848.806,7.38031,5.07,848.806,7.36883,6.41,848.806,7.38333,12.64,72.984494
addpipe36,7ff4a428dc5f8832,676.704,,0.98,676.704,7.4379,1.98,770.07,7.37441,3.38,770.07,7.36972,4.1,778.05,7.38839,5.06,778.05,7.38269,6.49,778.05,7.39175,13.27,73.13945
addpipe36,83f0c12ddc3b12d3,728.042,,0.83,728.042,6.9137,1.77,846.944,6.83064,3.13,846.944,6.82409,3.8,855.988,6.84371,4.64,855.988,6.83052,6.21,855.988,6.84341,12.61,67.578112
addpipe36,869476f9a2a2f21b,693.462,,0.98,693.462,7.51127,1.96,785.498,7.42501,3.44,785.498,7.42901,4.14,794.276,7.44078,5.09,794.276,7.4318,6.41,794.276,7.44357,13.81,73.641424
addpipe36,90d085fe79cff2c8,750.12,,0.95,750.12,7.34975,1.92,848.008,7.28932,3.35,848.008,7.28416,4.09,856.786,7.30414,5.04,856.786,7.29582,6.98,856.786,7.30094,14.31,72.152614
addpipe36,92695c67db22b026,857.584,,1.19,857.584,7.25409,2.18,942.704,7.18543,3.68,944.566,7.18251,4.42,953.078,7.19084,5.43,953.078,7.1696,7.55,953.078,7.19354,15.18,70.982322
addpipe36,9a761f585f23f6a7,734.958,,0.96,734.958,7.25848,1.96,837.9,7.20447,3.41,837.9,7.19774,4.12,846.678,7.21887,5.1,846.678,7.21003,6.4,846.678,7.21692,12.79,71.322522
addpipe36,a1c18f40cbfa4abb,737.884,,0.88,737.884,7.12581,1.85,850.668,7.04571,3.27,852.53,7.03694,3.99,862.106,7.05423,4.95,862.106,7.03804,6.85,862.106,7.05624,13.84,69.700294
addpipe36,ae499b45384bceb2,689.472,,0.92,689.472,7.48426,1.86,794.542,7.40188,3.25,794.542,7.39722,3.95,804.118,7.41363,4.85,804.118,7.41056,6.35,804.118,7.41651,13.26,73.360982
addpipe36,ae8f7b0ba35a937c,748.524,,0.92,748.524,7.54106,1.85,833.644,7.41956,3.3,833.644,7.4171,3.97,843.22,7.43293,4.86,843.22,7.42233,6.11,843.22,7.43143,12.92,73.47108
addpipe36,af525525956b21bf,696.122,,0.93,696.122,7.47333,1.94,783.37,7.39339,3.39,785.232,7.38916,4.1,794.01,7.40524,5.05,794.01,7.39714,6.85,794.01,7.4089,13.61,73.29499
addpipe36,b33982d02f5952a1,836.836,,1.13,836.836,7.33889,2.12,928.074,7.22427,3.63,928.074,7.22143,4.42,936.852,7.23168,5.4,936.852,7.22051,7.56,936.852,7.23585,15.19,71.421648
addpipe36,b4fb6daa1a5d3976,808.108,,1.02,808.108,7.40452,2.01,902.804,7.29989,3.52,906.528,7.30182,4.28,916.104,7.32364,5.26,916.104,7.31349,7.41,916.104,7.3212,15.48,72.295896
addpipe36,b54d43d7ea1858cd,717.668,,0.9,717.668,7.1728,1.84,835.506,7.07767,3.23,835.506,7.0691,3.94,844.284,7.08688,4.85,844.284,7.07091,6.18,844.284,7.0884,12.2,70.039716
addpipe36,b8272ddbf35bfa65,861.308,,1.05,861.308,7.33849,2.02,944.566,7.27486,3.47,944.566,7.27338,4.21,953.61,7.28323,5.16,953.61,7.28132,7.28,953.61,7.28347,15.75,71.88109
addpipe36,ba00bdb0307bb411,748.524,,0.9,748.524,7.54106,1.84,833.644,7.42015,3.22,833.644,7.41704,3.92,841.624,7.43195,4.81,841.624,7.41736,6.03,841.624,7.43324,12.6,73.490776
addpipe36,be14196a1a847f0e,708.092,,0.81,708.092,6.91628,1.78,811.832,6.85314,3.15,811.832,6.85086,3.84,820.876,6.86717,4.76,820.876,6.85805,6.55,820.876,6.8672,13.45,67.851124
addpipe36,bf783f21b87ca89f,715.008,,0.97,715.008,7.38375,1.97,813.694,7.31719,3.37,813.694,7.31927,4.11,821.674,7.33037,5.07,821.674,7.31762,6.41,821.674,7.32915,13.53,72.469826
addpipe36,c09981e732af2357,773.794,,1.05,773.794,7.35272,2.06,868.224,7.23134,3.55,869.554,7.25134,4.32,878.332,7.26616,5.31,878.332,7.25221,7.28,878.332,7.27485,15.0,71.870168
addpipe36,c1a761b27359e34f,733.894,,0.89,733.894,7.09157,1.88,848.274,7.0258,3.28,848.274,7.02014,3.98,857.052,7.0365,4.9,857.052,7.02027,6.3,857.052,7.03863,12.0,69.529248
addpipe36,c3ae24c806901f93,730.436,,0.89,730.436,7.15492,1.83,844.018,7.09863,3.23,844.018,7.09359,3.93,853.062,7.10784,4.81,853.062,7.094,6.54,853.062,7.10502,12.54,70.197138
addpipe36,c3c03c7099d6702c,691.866,,0.96,691.866,7.54012,1.92,782.04,7.43977,3.32,782.04,7.4449,4.06,790.552,7.45789,4.98,790.552,7.45023,6.69,790.552,7.45673,14.35,73.776748
addpipe36,c595ade8d0bef4cf,734.426,,0.91,734.426,7.4964,1.85,816.62,7.43907,3.24,816.62,7.43679,3.93,825.664,7.45262,4.82,825.664,7.44395,6.25,825.664,7.45483,12.74,73.722636
addpipe36,cfc43d0c9b77b70b,696.388,,0.9,696.388,6.97158,1.89,816.886,6.88424,3.29,816.886,6.87194,3.98,824.866,6.89163,4.9,824.866,6.87423,6.67,824.866,6.89958,12.86,68.170934
addpipe36,d1a97bf0fce9de72,854.924,,1.04,854.924,7.33721,2.02,944.034,7.23881,3.5,944.034,7.23787,4.25,952.812,7.24548,5.22,952.812,7.23085,7.27,952.812,7.2451,15.62,71.498188
addpipe36,d497c34742f93644,746.13,,0.98,746.13,7.22083,1.96,855.456,7.16121,3.39,855.456,7.16084,4.09,864.234,7.17704,5.05,864.234,7.16978,6.94,864.234,7.17918,14.3,70.927566
addpipe36,d7443cee69d5fc39,940.842,,1.27,940.842,7.32745,2.28,1014.26,7.2007,3.77,1017.98,7.22598,4.55,1026.76,7.23856,5.54,1026.76,7.21322,7.88,1026.76,7.22188,16.67,71.19204
addpipe36,d7903987be4df32e,733.628,,0.85,733.628,6.91921,1.81,846.412,6.83422,3.23,846.412,6.82846,3.94,855.19,6.84725,4.87,855.19,6.83234,6.22,855.19,6.84793,12.06,67.62411
addpipe36,db0ff771406fbd2f,825.398,,1.03,825.398,7.39021,2.02,909.72,7.29101,3.53,909.72,7.28444,4.29,918.498,7.29812,5.26,918.498,7.28486,7.24,918.498,7.30152,16.58,72.096702
addpipe36,dd0d65bcf88abe72,756.238,,0.86,756.238,7.10511,1.81,873.81,7.04392,3.25,873.81,7.03969,3.95,882.854,7.055,4.86,882.854,7.04267,6.21,882.854,7.05673,12.65,69.684446
addpipe36,e057957875d61f73,752.514,,1.07,752.514,7.21025,2.03,851.998,7.11793,3.47,851.998,7.11355,4.2,861.574,7.1335,5.15,861.574,7.12065,7.01,861.574,7.13687,13.29,70.507126
addpipe36,e23d2a3c1933ed9b,764.218,,1.04,764.218,7.28371,2.03,866.096,7.17316,3.53,867.958,7.17294,4.29,877.002,7.18407,5.29,877.002,7.1706,7.04,877.002,7.18443,13.94,70.967298
addpipe36,e2d2d8e96a29e295,875.14,,1.1,875.14,7.2039,2.05,961.324,7.08445,3.49,963.186,7.08285,4.26,972.23,7.09087,5.2,972.23,7.07442,6.71,972.23,7.09303,13.87,69.95807
addpipe36,e3b654240a151c1f,738.948,,0.88,738.948,7.12564,1.81,856.52,7.0674,3.2,858.382,7.06575,3.9,865.83,7.0815,4.82,865.83,7.06325,6.24,865.83,7.07312,13.21,69.86537
addpipe36,e96f8b246a3adf79,691.334,,0.93,691.334,7.36071,1.92,795.34,7.29699,3.35,795.34,7.29338,4.06,804.118,7.31313,5.0,804.118,7.30293,6.9,804.118,7.31612,14.02,72.357082
addpipe36,f3020c1d4f3575cd,754.376,,0.92,754.376,7.38781,1.93,854.924,7.30248,3.36,856.254,7.30806,4.08,865.83,7.32714,5.03,865.83,7.31502,6.52,865.83,7.32525,13.12,72.38667
addpipe36,f33976bdb6ee997f,770.602,,0.97,770.602,7.43167,1.97,858.382,7.36933,3.43,858.382,7.37016,4.19,867.426,7.38724,5.14,867.426,7.37048,6.99,867.426,7.38449,15.04,72.977474
addpipe36,f379188d6d265f29,737.352,,0.9,737.352,7.00086,1.88,850.402,6.91916,3.27,850.402,6.91533,3.98,859.446,6.92799,4.9,859.446,6.91522,6.2,859.446,6.93315,12.42,68.472054
addpipe36,f4d8d30ea17fedb7,709.688,,0.93,709.688,7.38385,1.91,813.96,7.33125,3.37,813.96,7.32306,4.08,822.738,7.34182,5.03,822.738,7.33387,6.95,822.738,7.34118,13.88,72.589062
addpipe36,f8334bf791b77bc5,837.634,,1.03,837.634,7.29613,2.03,924.084,7.19854,3.5,924.084,7.19803,4.24,933.128,7.20891,5.22,933.128,7.19565,7.37,933.128,7.20915,14.39,71.158372
addpipe40,023d193fd299d010,813.96,,0.92,813.96,7.48244,1.86,909.72,7.41407,3.32,909.72,7.41056,4.07,917.7,7.42739,4.98,917.7,7.41549,6.65,917.7,7.42707,14.09,73.353
addpipe40,09883fd2bbaa8932,1032.61,,1.41,1032.61,7.24288,2.39,1117.73,7.15715,3.93,1120.66,7.15826,4.72,1129.44,7.17369,5.72,1129.44,7.15771,7.92,1129.44,7.17254,16.52,70.59596
addpipe40,1044c92b8c85eed3,797.202,,1.0,797.202,7.49859,1.9,893.76,7.41308,3.27,893.76,7.40921,3.94,903.336,7.4289,4.83,903.336,7.42661,6.09,903.336,7.438,12.77,73.476664
addpipe40,175f27de52f2f1f7,864.766,,1.08,864.766,7.30759,2.05,969.836,7.20225,3.53,969.836,7.19807,4.27,978.88,7.21936,5.22,978.88,7.20673,7.16,978.88,7.21761,15.16,71.19722
addpipe40,1af96b8d3d22433b,959.728,,1.19,959.728,7.31352,2.18,1050.17,7.23112,3.7,1050.17,7.22029,4.53,1058.15,7.23249,5.54,1058.15,7.21062,7.19,1058.15,7.23523,14.54,71.29415
addpipe40,220e3cfeed65a71d,760.228,,1.03,760.228,7.42159,2.01,868.49,7.35132,3.59,868.49,7.34972,4.32,878.066,7.3802,5.28,878.066,7.37631,6.62,878.066,7.3794,13.71,72.915934
addpipe40,2220d0a676b92670,907.592,,1.09,907.592,7.31852,2.09,1005.48,7.24427,3.6,1009.2,7.24031,4.39,1018.51,7.25925,5.36,1018.51,7.25248,7.32,1018.51,7.25967,15.74,71.57819
addpipe40,23deb97475f98403,980.21,,1.25,980.21,7.32754,2.2,1074.64,7.22079,3.88,1074.64,7.21656,4.87,1084.22,7.23326,5.82,1084.22,7.21974,7.87,1084.22,7.2396,14.92,71.31178
addpipe40,27521bdffd342785,775.124,,0.96,775.124,7.47753,1.91,878.864,7.38411,3.37,880.726,7.38169,4.11,890.036,7.39913,5.08,890.036,7.38758,6.71,890.036,7.40184,13.68,73.128364
addpipe40,28ee934291777177,824.334,,0.91,824.334,7.13786,1.87,952.546,7.05748,3.35,952.546,7.04894,4.08,961.324,7.06699,5.02,961.324,7.05063,6.51,961.324,7.06906,13.12,69.729276
addpipe40,34dcd6980d6e5047,858.382,,1.07,858.382,7.32288,2.05,968.24,7.24362,3.53,968.24,7.23762,4.25,977.816,7.25808,5.19,977.816,7.25233,7.04,977.816,7.2639,14.13,71.661184
addpipe40,35b3d5c912d26261,865.83,,1.01,865.83,7.37421,2.01,975.422,7.24868,3.49,977.284,7.24969,4.23,986.594,7.27,5.19,986.594,7.25586,7.08,986.594,7.27169,14.12,71.730306
addpipe40,3650a84a1f73e1dc,928.074,,1.13,928.074,7.33879,2.13,1030.48,7.21663,3.68,1030.48,7.21199,4.44,1039.26,7.2264,5.44,1041.12,7.22724,7.51,1041.12,7.24539,15.45,71.41278
addpipe40,37a6c115b1c0f62c,854.658,,1.08,854.658,7.23667,2.07,959.462,7.13379,3.54,959.462,7.1316,4.29,967.708,7.1462,5.27,967.708,7.13145,7.24,967.708,7.15171,14.68,70.549392
addpipe40,39448a4b55a3a11e,796.936,,1.01,796.936,7.26077,1.99,918.232,7.18298,3.47,920.094,7.17847,4.2,929.67,7.20075,5.2,929.67,7.18923,7.12,929.67,7.20848,14.07,71.15513
addpipe40,3efacffed01caf96,750.386,,0.94,750.386,7.45224,1.89,850.934,7.36756,3.29,850.934,7.36653,3.99,859.978,7.38523,4.92,859.978,7.37986,6.23,859.978,7.39022,12.69,73.042222
addpipe40,3f833d131d8c90c7,853.328,,0.93,853.328,7.23368,1.91,981.54,7.17565,3.37,983.402,7.1689,4.13,990.85,7.18331,5.07,990.85,7.17598,7.04,990.85,7.18469,14.32,70.85605
addpipe40,41add9abeed2ed93,784.7,,0.94,784.7,6.8711,1.92,909.986,6.78349,3.35,909.986,6.77972,4.07,918.764,6.79883,5.03,918.764,6.78249,6.88,918.764,6.80329,13.24,67.114136
addpipe40,41f53096ca96e978,833.378,,0.99,833.378,7.28751,1.96,945.364,7.15893,3.43,945.364,7.15699,4.19,954.94,7.17273,5.15,954.94,7.15155,6.53,954.94,7.18134,13.77,70.85846
addpipe40,41f6a7b8c71e9aec,962.92,,1.19,962.92,7.25831,2.16,1056.82,7.19196,3.64,1056.82,7.18886,4.41,1064.8,7.20255,5.37,1064.8,7.19181,7.24,1064.8,7.20519,15.34,70.9871
addpipe40,49d9f34fe46b969b,892.43,,1.0,892.43,7.33723,2.0,996.17,7.27633,3.5,996.17,7.27342,4.27,1005.21,7.29536,5.26,1005.21,7.29214,6.86,1005.21,7.29464,14.04,71.94119
addpipe40,49eeae94d1bec144,815.556,,1.01,815.556,7.26204,2.0,930.468,7.20452,3.49,930.468,7.20006,4.24,939.512,7.22189,5.19,939.512,7.20951,7.13,939.512,7.22369,14.0,71.297388
addpipe40,507e5353f49233e3,851.466,,1.06,851.466,7.3619,2.05,950.152,7.30259,3.53,952.014,7.2985,4.29,961.59,7.31865,5.28,961.59,7.30738,7.32,961.59,7.32229,14.17,72.26131
addpipe40,50f73cb2814f12b4,838.432,,1.0,838.432,7.53755,1.98,923.286,7.43221,3.48,925.148,7.43597,4.21,933.926,7.46307,5.15,933.926,7.4467,6.61,933.926,7.45977,13.87,73.663774
addpipe40,51a3e36b28385365,796.936,,1.03,796.936,7.3674,2.02,895.09,7.30912,3.44,895.09,7.30112,4.16,904.134,7.32061,5.1,904.134,7.29961,6.62,904.134,7.32648,13.14,72.360666
addpipe40,55aa2269417b7cd0,795.872,,0.95,795.872,7.52662,1.89,898.548,7.40137,3.36,898.548,7.40359,4.04,907.592,7.42037,4.95,907.592,7.41042,6.24,907.592,7.42563,12.59,73.348708
addpipe40,5c4cd3006cada67a,823.536,,0.97,823.536,7.53214,1.91,917.434,7.41485,3.31,917.434,7.41498,4.0,926.212,7.42924,4.9,926.212,7.41954,6.63,926.212,7.43321,14.36,73.405888
addpipe40,5e4115c4979e8450,800.394,,0.95,800.394,7.45738,1.9,896.686,7.29677,3.32,898.548,7.32097,4.04,907.592,7.3422,4.95,907.592,7.32776,6.32,907.592,7.33405,12.98,72.432908
addpipe40,62bb016afd6a4f8f,825.664,,0.96,825.664,6.88689,1.95,953.078,6.81432,3.46,954.94,6.80267,4.22,963.984,6.82063,5.19,963.984,6.80016,6.82,963.984,6.82348,13.29,67.270816
addpipe40,62f3585681e4d46d,971.432,,1.22,971.432,7.25202,2.22,1062.14,7.06991,3.72,1063.2,7.1034,4.53,1072.78,7.12635,5.56,1072.78,7.1164,7.69,1072.78,7.13478,15.74,70.27502
addpipe40,676999c84d43e3a8,1005.48,,1.31,1005.48,7.23569,2.3,1098.31,7.16238,3.82,1098.31,7.15489,4.6,1106.56,7.16365,5.6,1106.56,7.15179,7.66,1106.56,7.16518,15.45,70.54524
addpipe40,677f291cf34a5ea1,820.61,,0.92,820.61,7.4564,1.85,905.73,7.39071,3.25,905.73,7.38811,3.96,913.71,7.40432,4.86,913.71,7.39098,6.73,913.71,7.40312,13.83,73.11749
addpipe40,68fa799cc43b24d9,954.674,,1.15,954.674,7.32161,2.08,1042.45,7.17908,3.58,1046.18,7.17836,4.34,1055.22,7.19574,5.29,1055.22,7.17926,7.23,1055.22,7.203,14.95,70.97478
addpipe40,69cc14c708e2d506,813.694,,1.0,813.694,7.52361,1.97,911.316,7.43668,3.46,911.316,7.43409,4.18,919.828,7.45244,5.13,919.828,7.44364,6.55,919.828,7.45204,13.99,73.600572
addpipe40,74e1a6c67e2d6eda,841.89,,1.01,841.89,7.4987,1.99,931.532,7.41371,3.44,931.532,7.4148,4.16,939.512,7.44077,5.11,939.512,7.43001,6.98,939.512,7.44146,13.91,73.475088
addpipe40,799b524746fc6607,804.916,,1.0,804.916,7.52465,1.96,902.538,7.42967,3.4,902.538,7.42631,4.12,911.316,7.44198,5.08,911.316,7.43133,6.56,911.316,7.44083,13.88,73.496984
addpipe40,79afbc449ca2e851,836.304,,1.04,836.304,7.32498,2.03,953.344,7.2167,3.51,955.206,7.21545,4.29,964.25,7.23711,5.27,964.25,7.22512,6.79,964.25,7.23889,13.21,71.42465
addpipe40,7bca126abfb648a8,793.478,,0.95,793.478,7.47807,1.92,893.76,7.32679,3.38,893.76,7.32534,4.11,902.538,7.34802,5.08,902.538,7.331,6.56,902.538,7.3425,13.08,72.522462
addpipe40,7c2196ba094d39c8,771.666,,0.8,771.666,6.84443,1.77,888.706,6.77094,3.16,888.706,6.76163,3.86,898.814,6.79902,4.79,898.814,6.78015,6.67,898.814,6.79711,13.29,67.072286
addpipe40,7ef6b0c8435d6179,726.978,,0.89,726.978,7.20562,1.86,857.584,7.13144,3.26,857.584,7.12893,3.97,866.628,7.14903,4.91,866.628,7.14212,6.54,866.628,7.15797,12.68,70.713072
addpipe40,837f9e0acbd97271,979.944,,1.2,979.944,7.26448,2.19,1078.36,7.14451,3.77,1078.36,7.14344,4.57,1086.61,7.15849,5.59,1086.61,7.14041,7.81,1086.61,7.15899,16.59,70.50329
addpipe40,857e45be94ab32bc,1119.33,,1.45,1119.33,7.2127,2.44,1201.52,7.07789,4.01,1204.71,7.08207,4.83,1214.29,7.09673,5.85,1214.29,7.08787,8.05,1214.29,7.10712,17.22,69.85691
addpipe40,868ab21939397c01,798.266,,1.0,798.266,7.45158,1.99,902.804,7.32452,3.4,902.804,7.32362,4.17,911.316,7.34225,5.13,911.316,7.33293,6.52,911.316,7.34806,13.5,72.569284
addpipe40,8d330136e91d681e,880.194,,1.04,880.194,7.27303,2.02,973.56,7.182,3.51,973.56,7.17743,4.27,983.136,7.19712,5.27,983.136,7.17928,7.24,983.136,7.20361,15.57,71.052964
addpipe40,8dc474bae75a8e69,820.876,,0.94,820.876,6.92286,1.93,945.63,6.85489,3.35,945.63,6.84724,4.09,954.674,6.86241,5.06,954.674,6.84265,6.55,954.674,6.86444,13.12,67.689726
addpipe40,90d2e467eefee68d,799.862,,0.91,799.862,6.79358,1.9,924.616,6.69463,3.62,924.616,6.68826,4.38,933.66,6.70777,5.36,933.66,6.68721,6.83,933.66,6.71582,13.4,66.22454
addpipe40,9591193a3a68e902,855.19,,0.96,855.19,7.49049,1.93,953.078,7.42369,3.41,953.078,7.4195,4.13,962.654,7.43399,5.06,962.654,7.41885,6.45,962.654,7.43441,13.63,73.381446
addpipe40,99e55e9e9121158d,871.948,,1.03,871.948,7.37958,2.0,968.772,7.29685,3.45,968.772,7.29549,4.17,977.55,7.3147,5.1,977.55,7.29843,7.01,977.55,7.31627,15.04,72.18515
addpipe40,9cb125113f17d4d7,933.128,,0.94,933.128,7.24376,1.92,1062.4,7.17824,3.4,1062.4,7.17188,4.17,1071.45,7.19719,5.15,1071.45,7.18149,6.98,1071.45,7.1973,13.78,70.90155
addpipe40,9f810b1b5c3aa604,971.166,,1.19,971.166,7.26605,2.19,1070.38,7.15026,3.73,1072.25,7.17165,4.52,1081.29,7.18593,5.53,1081.29,7.16587,7.56,1081.29,7.19052,15.93,70.82391
addpipe40,a6686a74d47b44cc,772.73,,0.94,772.73,7.39557,1.93,882.854,7.33477,3.44,882.854,7.33018,4.16,891.366,7.35415,5.11,891.366,7.34117,6.59,891.366,7.3511,13.54,72.619634
addpipe40,a6a09436f2ffd124,1050.17,,1.3,1050.17,7.27373,2.28,1149.65,7.13446,3.79,1151.51,7.15492,4.53,1161.09,7.16606,5.48,1161.09,7.15598,7.48,1161.09,7.17337,15.37,70.57261
addpipe40,abd9ea8f2f9147f1,789.488,,0.94,789.488,7.43122,1.89,887.908,7.35207,3.33,887.908,7.35676,4.02,896.154,7.37429,4.93,896.154,7.36206,6.23,896.154,7.37991,13.21,72.902946
addpipe40,acbc02de1ff61b57,1070.12,,1.31,1070.12,7.24055,2.25,1160.56,7.07517,3.74,1165.61,7.11281,4.55,1174.12,7.12243,5.5,1174.12,7.09871,7.76,1174.12,7.12225,16.25,70.04838
addpipe40,af865d727ec246fb,830.718,,0.93,830.718,6.89899,1.92,961.856,6.83586,3.39,961.856,6.83074,4.14,969.836,6.85562,5.09,969.836,6.84191,6.56,969.836,6.85233,13.13,67.553464
addpipe40,b463548f5ae33ba4,810.502,,0.93,810.502,7.04639,1.89,936.852,6.97389,3.34,936.852,6.97027,4.07,945.63,6.99239,5.01,945.63,6.98432,6.95,945.63,6.99559,13.77,69.01027
addpipe40,b51a5ff2c0175e94,1034.47,,1.33,1034.47,7.27875,2.33,1125.18,7.20539,3.93,1126.51,7.20716,4.72,1136.09,7.21796,5.7,1136.09,7.20644,7.89,1136.09,7.22354,16.55,71.09931
addpipe40,b55274cd95b60479,797.202,,1.04,797.202,7.49859,2.02,893.76,7.41303,3.45,893.76,7.41106,4.15,903.336,7.43142,5.09,903.336,7.42699,6.5,903.336,7.43852,14.45,73.481864
addpipe40,bae1bce87b6312cf,779.114,,0.94,779.114,7.27088,1.93,898.814,7.22119,3.36,898.814,7.21913,4.08,907.592,7.24479,5.07,907.592,7.23578,6.98,907.592,7.24056,13.57,71.498008
addpipe40,be88061acc12d379,830.984,,1.06,830.984,7.39123,2.06,942.438,7.3179,3.6,942.438,7.32026,4.39,951.216,7.33887,5.35,951.216,7.32465,6.91,951.216,7.34031,14.13,72.451884
addpipe40,c11d49cbfd9c6758,801.458,,0.92,801.458,7.00844,1.88,928.606,6.94743,3.32,928.606,6.938,4.05,937.65,6.96635,4.99,937.65,6.94804,6.24,937.65,6.96559,12.67,68.71825
addpipe40,c65e7b3b27f3341d,837.9,,0.97,837.9,7.52352,1.93,932.596,7.39284,3.42,932.596,7.38025,4.17,941.64,7.39989,5.13,941.64,7.39545,6.47,941.64,7.40189,13.45,73.07726
addpipe40,c68129a4b235ad11,799.064,,0.99,799.064,7.45076,1.98,895.09,7.36074,3.43,896.952,7.35534,4.15,904.932,7.37318,5.12,904.932,7.36602,6.66,904.932,7.3766,13.4,72.861068
addpipe40,c96dd5d8efb88c4f,932.33,,1.23,932.33,7.25071,2.2,1032.35,7.14753,3.72,1033.41,7.15189,4.52,1042.99,7.16946,5.49,1042.99,7.14679,7.48,1042.99,7.17143,15.08,70.67131
addpipe40,d14aa50c04149721,812.63,,0.95,812.63,7.5217,1.87,905.464,7.40649,3.29,905.464,7.40397,3.98,913.976,7.42707,4.87,913.976,7.41328,6.64,913.976,7.42978,13.73,73.383824
addpipe40,d2970f00fb5af4de,805.714,,0.96,805.714,7.2073,1.91,931.798,7.13134,3.32,931.798,7.12881,4.03,941.374,7.14581,4.95,941.374,7.12949,6.77,941.374,7.15154,13.33,70.574026
addpipe40,d9893fad8a657073,795.074,,0.94,795.074,7.04509,1.93,922.222,6.97529,3.39,922.222,6.97269,4.12,931.798,7.00446,5.08,931.798,6.98952,6.96,931.798,7.00424,13.62,69.110602
addpipe40,dd3f2c2df04969d2,780.976,,0.95,780.976,7.34127,1.87,889.504,7.2932,3.35,889.504,7.28956,4.05,898.548,7.30635,4.95,898.548,7.28766,6.25,898.548,7.30671,12.37,72.168552
addpipe40,e11d49719ab82a9e,812.896,,1.0,812.896,7.25631,1.98,924.084,7.18986,3.44,924.084,7.18627,4.19,933.128,7.20636,5.17,933.128,7.19037,7.05,933.128,7.20637,14.27,71.130572
addpipe40,e2511240f1a56053,770.336,,0.94,770.336,7.41261,1.92,882.322,7.36017,3.35,884.184,7.35554,4.1,892.962,7.37631,5.06,892.962,7.36817,6.66,892.962,7.37609,13.1,72.867938
addpipe40,e25d3b31634be37f,866.628,,0.96,866.628,7.03413,1.97,990.584,6.97042,3.46,990.584,6.9673,4.23,998.83,6.99056,5.23,998.83,6.97393,6.86,998.83,6.98651,13.1,68.86627
addpipe40,e3c3d266b62a883d,944.832,,1.2,944.832,7.27741,2.19,1041.39,7.20376,3.68,1041.39,7.19827,4.46,1050.97,7.21208,5.45,1050.97,7.20172,7.39,1050.97,7.21941,15.08,71.14313
addpipe40,e3ff44f000c39f9c,802.788,,0.92,802.788,7.03461,1.89,930.734,6.98166,3.33,932.596,6.97932,4.06,941.64,7.00062,5.01,941.64,6.98718,6.49,941.64,6.99874,13.43,69.04576
addpipe40,e9fb5523d06cde9a,821.674,,0.94,821.674,6.92234,1.91,954.142,6.83469,3.38,954.142,6.83179,4.12,963.718,6.85251,5.05,963.718,6.83734,7.09,963.718,6.85023,13.51,67.538582
addpipe40,eb5e66cf98b3f3a6,854.392,,0.92,854.392,6.6924,1.91,979.678,6.61097,3.38,979.678,6.59571,4.13,989.254,6.62193,5.11,989.254,6.60241,7.22,989.254,6.62281,14.17,65.238846
addpipe40,eb92f14dd0406d1f,858.914,,1.0,858.914,7.51583,2.01,949.62,7.43954,3.47,949.62,7.4372,4.2,959.196,7.45444,5.16,959.196,7.44518,6.74,959.196,7.45363,14.16,73.577104
addpipe40,edf8c8f141e8e2fe,775.656,,0.94,775.656,7.05413,1.93,899.878,6.99112,3.39,899.878,6.98549,4.11,908.39,7.00602,5.05,908.39,6.99793,6.41,908.39,7.01094,12.72,69.20101
addpipe40,eecc929a2e72f761,841.624,,1.01,841.624,7.35524,1.96,952.28,7.24369,3.36,952.28,7.24326,4.08,961.058,7.25981,4.99,961.058,7.24732,6.5,961.058,7.26029,13.58,71.641842
addpipe40,f192e88117b40470,837.102,,0.89,837.102,6.95532,1.86,964.25,6.86014,3.29,967.974,6.85796,4.03,977.018,6.88097,4.97,977.018,6.87094,7.05,977.018,6.88756,14.69,67.898582
addpipe40,f2db7adb042d9f4e,819.014,,0.87,819.014,6.77736,1.81,946.162,6.69348,3.22,946.162,6.68741,3.94,955.206,6.70783,4.83,955.206,6.69748,6.6,955.206,6.71164,14.1,66.161194
addpipe40,f991855611c8bc38,912.38,,1.15,912.38,7.21603,2.11,1017.45,7.1382,3.55,1017.45,7.13499,4.3,1025.43,7.14928,5.25,1025.43,7.13065,7.33,1025.43,7.15265,14.9,70.50107
addpipe48,03ea6580447a2573,1057.62,,1.24,1057.62,7.34216,2.25,1183.43,7.2568,3.84,1188.49,7.25822,4.68,1198.06,7.27886,5.7,1198.06,7.26498,7.82,1198.06,7.29163,16.5,71.71824
addpipe48,045a4860636d4cd2,1004.95,,1.09,1004.95,7.34111,2.1,1148.85,7.26954,3.69,1148.85,7.26224,4.51,1158.96,7.28522,5.52,1158.96,7.27813,7.13,1158.96,7.28542,14.78,71.69524
addpipe48,0ab6a36e844357b0,1235.57,,1.46,1235.57,7.10476,2.48,1361.65,6.99036,4.15,1363.52,6.99633,5.04,1372.83,7.01756,6.1,1372.83,6.99128,8.63,1372.83,7.01817,18.23,68.80887
addpipe48,0c524e9f94b75a47,981.008,,1.07,981.008,7.47731,2.05,1103.9,7.27117,3.63,1105.76,7.28759,4.43,1116.4,7.31611,5.43,1116.4,7.31705,6.94,1116.4,7.32733,14.6,72.1569
addpipe48,0ce93952c6e3e6fa,941.64,,1.06,941.64,7.44336,2.06,1075.7,7.27673,3.62,1075.7,7.2846,4.41,1083.95,7.31892,5.43,1083.95,7.3032,6.9,1083.95,7.33174,14.96,72.23345
addpipe48,0cfc8e85439fabf7,957.6,,1.06,957.6,7.44296,2.04,1088.74,7.32916,3.56,1090.6,7.32086,4.32,1100.18,7.34764,5.31,1100.18,7.34804,6.69,1100.18,7.3595,14.36,72.49482
addpipe48,0ed6703772a8419a,991.648,,0.98,991.648,6.73885,1.98,1155.5,6.63614,3.54,1157.37,6.62168,4.35,1166.14,6.64592,5.35,1166.14,6.61148,7.31,1166.14,6.64832,14.98,65.31706
addpipe48,0fc1d86e3b3ca1c2,931.798,,1.14,931.798,7.22234,2.14,1082.62,7.14504,3.7,1082.62,7.14607,4.46,1091.66,7.18218,5.49,1091.66,7.1742,7.22,1091.66,7.17698,13.93,70.67814
addpipe48,13407bc0177bb78d,1068.52,,0.99,1068.52,7.10972,1.97,1236.37,7.02242,3.52,1236.37,7.0185,4.36,1245.68,7.05369,5.4,1245.68,7.02841,6.88,1245.68,7.05451,13.85,69.29942
addpipe48,13ab80258298edf7,890.036,,1.03,890.036,7.32998,2.03,1034.47,7.24924,3.55,1034.47,7.24816,4.33,1043.25,7.28429,5.36,1043.25,7.27561,6.83,1043.25,7.2883,14.02,71.83975
addpipe48,14abd9f7f2c58479,915.04,,1.03,915.04,7.34538,2.01,1064.0,7.24539,3.55,1064.0,7.2479,4.35,1072.78,7.27789,5.34,1072.78,7.26814,6.99,1072.78,7.27326,14.09,71.65982
addpipe48,153812357360400f,981.008,,1.08,981.008,7.47731,2.05,1102.04,7.28285,3.53,1105.76,7.29282,4.29,1115.87,7.32347,5.25,1115.87,7.3196,6.69,1115.87,7.33154,13.42,72.19953
addpipe48,16826f33c569d517,999.894,,1.07,999.894,7.31637,2.1,1119.06,7.24738,3.7,1119.06,7.23942,4.49,1128.37,7.27225,5.49,1128.37,7.26161,7.62,1128.37,7.27802,15.26,71.65183
addpipe48,18e37746c0b7ffe8,985.53,,1.1,985.53,7.45952,2.11,1114.01,7.36543,3.72,1114.01,7.35524,4.52,1122.79,7.38908,5.52,1122.79,7.38043,7.03,1122.79,7.38878,15.52,72.76501
addpipe48,1a0019c086171d5e,957.068,,0.99,957.068,6.88568,1.98,1123.58,6.77431,3.48,1123.58,6.75878,4.28,1131.56,6.79084,5.25,1131.56,6.77572,6.8,1131.56,6.79996,13.47,66.86804
addpipe48,1ba709abd5d2431a,1060.01,,1.01,1060.01,6.91916,2.01,1225.2,6.83969,3.58,1225.2,6.83034,4.42,1234.24,6.86021,5.43,1234.24,6.84285,7.5,1234.24,6.86315,15.74,67.39726
addpipe48,1ec53deed1f14576,986.062,,1.0,986.062,6.74237,1.99,1153.91,6.61187,3.49,1153.91,6.60559,4.28,1162.95,6.64038,5.28,1162.95,6.61824,7.05,1162.95,6.64268,13.92,65.26385
addpipe48,227c68ce6e68f05a,949.886,,0.89,949.886,6.64165,1.9,1100.97,6.54977,3.43,1100.97,6.54294,4.21,1110.02,6.57309,5.18,1110.02,6.55689,7.16,1110.02,6.57515,14.83,64.64148
addpipe48,236e5a997d0c3ca4,980.742,,1.05,980.742,7.46485,2.0,1109.49,7.33786,3.54,1109.49,7.33213,4.29,1117.47,7.35957,5.23,1117.47,7.34905,6.6,1117.47,7.3638,13.58,72.52053
addpipe48,250ea30e63d49910,1008.14,,1.09,1008.14,7.18692,2.09,1153.11,7.08391,3.66,1154.97,7.0822,4.49,1163.75,7.1071,5.5,1163.75,7.09508,7.34,1163.75,7.11534,14.57,69.98965
addpipe48,2528d766a7dc98e7,943.236,,0.99,943.236,6.88575,1.97,1110.82,6.812,3.5,1112.68,6.80827,4.28,1120.92,6.8371,5.31,1120.92,6.82492,6.96,1120.92,6.83732,13.37,67.25228
addpipe48,2a65084e98414def,882.588,,1.02,882.588,7.32139,2.01,1029.42,7.20866,3.55,1029.42,7.19959,4.35,1039.26,7.22791,5.37,1039.26,7.22307,6.81,1039.26,7.23656,13.73,71.32634
addpipe48,2f5fc562f73477e9,1141.14,,1.37,1141.14,7.29201,2.4,1271.48,7.14317,4.03,1272.81,7.14524,4.85,1282.39,7.16535,5.88,1282.39,7.15167,8.18,1282.39,7.16717,18.05,70.38931
addpipe48,309df72948880f24,937.65,,1.07,937.65,7.34588,2.06,1089.54,7.2818,3.6,1091.4,7.28334,4.39,1100.97,7.31829,5.42,1100.97,7.30827,7.13,1100.97,7.31619,14.08,72.06093
addpipe48,326107385e17f063,1009.74,,1.0,1009.74,6.59816,1.99,1173.59,6.52202,3.53,1173.59,6.51085,4.33,1182.64,6.54386,5.32,1182.64,6.52879,7.59,1182.64,6.55028,15.3,64.32016
addpipe48,34ea6b1013044558,1177.05,,1.34,1177.05,7.25285,2.35,1305.53,7.17433,4.03,1305.53,7.1695,4.87,1315.37,7.18777,5.91,1315.37,7.17383,8.3,1315.37,7.18864,16.83,70.57103
addpipe48,3972f7e6f8a7ee91,939.512,,1.06,939.512,7.44236,2.07,1075.7,7.34194,3.62,1075.7,7.33855,4.42,1085.28,7.37013,5.42,1085.28,7.35663,7.06,1085.28,7.37775,15.0,72.69222
addpipe48,3a66368895a665fc,1006.01,,1.14,1006.01,7.38719,2.17,1140.08,7.32416,3.71,1140.08,7.32411,4.51,1149.65,7.35281,5.54,1149.65,7.34508,7.75,1149.65,7.35109,17.08,72.36125
addpipe48,3b7db82be17aa854,1175.99,,1.34,1175.99,7.16488,2.36,1310.58,7.063,4.02,1310.58,7.06042,4.9,1319.36,7.08959,5.97,1319.36,7.06871,8.22,1319.36,7.08479,17.69,69.52854
addpipe48,424403e4fded4ade,977.284,,1.06,977.284,7.13574,2.05,1125.98,7.06096,3.6,1125.98,7.0552,4.41,1134.76,7.09055,5.42,1134.76,7.07751,7.55,1134.76,7.08904,15.21,69.75564
addpipe48,4527c02d18e425cf,934.192,,1.02,934.192,6.71952,2.01,1099.38,6.60682,3.54,1101.24,6.60409,4.34,1110.28,6.62955,5.34,1110.28,6.6126,7.2,1110.28,6.6437,14.13,65.32672
addpipe48,489a8313f26ab444,1156.3,,1.37,1156.3,7.11082,2.38,1287.17,7.02578,4.07,1290.9,7.02629,4.96,1298.88,7.04363,6.04,1298.88,7.02998,8.33,1298.88,7.04239,16.4,69.12502
addpipe48,48b81ac55f3f5002,1013.46,,1.08,1013.46,7.2775,2.03,1146.46,7.19758,3.52,1146.46,7.19444,4.31,1155.77,7.2181,5.25,1155.77,7.19848,7.08,1155.77,7.21325,14.85,70.97673
addpipe48,4a083893ea1848b2,956.536,,1.11,956.536,7.47164,2.11,1090.87,7.35631,3.68,1090.87,7.36027,4.47,1100.71,7.39229,5.48,1100.71,7.38118,6.92,1100.71,7.39008,13.86,72.80009
addpipe48,56620d94d1939072,956.27,,1.05,956.27,7.422,1.97,1087.41,7.25593,3.45,1087.41,7.2516,4.19,1099.11,7.2826,5.13,1099.11,7.27744,6.86,1099.11,7.29765,14.09,71.87739
addpipe48,57d50decfa6173f3,999.096,,1.08,999.096,7.46858,2.06,1122.79,7.34891,3.56,1122.79,7.33822,4.31,1132.89,7.37225,5.27,1132.89,7.3662,6.97,1132.89,7.37439,15.25,72.61101
addpipe48,5a3464cd412e5169,1095.92,,1.3,1095.92,7.0712,2.31,1234.51,6.94911,3.97,1239.56,6.94777,4.82,1247.01,6.97095,5.86,1247.01,6.96588,7.94,1247.01,6.97945,16.44,68.54749
addpipe48,5e4511a5e2ee4f1b,1213.76,,1.49,1213.76,7.18736,2.51,1336.38,7.06373,4.15,1338.25,7.05333,5.02,1349.95,7.07709,6.1,1349.95,7.05476,8.56,1349.95,7.07542,17.81,69.40425
addpipe48,5f1b4f012810af54,976.486,,0.98,976.486,6.87501,1.96,1138.48,6.80058,3.54,1138.48,6.79396,4.34,1148.06,6.82383,5.38,1148.06,6.8029,7.44,1148.06,6.82353,15.62,67.08724
addpipe48,60fb3f59e58da76d,966.112,,0.97,966.112,7.01994,1.95,1130.77,6.92935,3.44,1132.63,6.91729,4.24,1141.41,6.94456,5.21,1141.41,6.93078,7.14,1141.41,6.95083,14.27,68.36689
addpipe48,651a5317d7d93ac3,1032.88,,1.16,1032.88,7.39014,2.2,1157.63,7.26799,3.78,1157.63,7.26754,4.61,1166.68,7.29635,5.65,1166.68,7.29311,7.74,1166.68,7.30952,15.73,71.92852
addpipe48,656c3c0430eef252,1102.04,,1.29,1102.04,7.21857,2.31,1230.78,7.10841,3.97,1237.7,7.11433,4.78,1247.27,7.13965,5.82,1247.27,7.12764,8.26,1247.27,7.1433,17.17,70.18573
addpipe48,6b2819264c6703d4,981.008,,1.02,981.008,7.47731,1.98,1103.9,7.27116,3.47,1105.76,7.28754,4.22,1115.34,7.31794,5.13,1115.34,7.31771,6.51,1115.34,7.32886,13.32,72.17326
addpipe48,6d6e44c12e2cb36d,962.122,,1.06,962.122,7.44747,2.08,1098.85,7.32875,3.69,1098.85,7.32887,4.49,1108.42,7.36637,5.51,1108.42,7.34663,7.62,1108.42,7.36196,15.53,72.51118
addpipe48,72cc78a0d717c268,930.468,,1.1,930.468,7.38758,2.11,1063.2,7.26096,3.69,1063.2,7.25614,4.51,1072.78,7.28629,5.53,1072.78,7.27726,7.14,1072.78,7.2895,14.54,71.82222
addpipe48,7316c045f4ab3b5a,981.274,,0.94,981.274,6.72767,1.94,1145.66,6.61741,3.49,1145.66,6.61074,4.32,1154.44,6.64008,5.31,1154.44,6.628,7.32,1154.44,6.65364,14.98,65.38196
addpipe48,73f8564357df2d77,1069.05,,1.18,1069.05,7.28001,2.2,1202.05,7.21425,3.76,1205.78,7.21301,4.56,1216.42,7.24878,5.56,1216.42,7.24278,7.26,1216.42,7.24743,14.92,71.25788
addpipe48,759a9dff0751b21d,1050.17,,1.27,1050.17,7.25318,2.26,1184.23,7.1259,3.83,1186.09,7.10796,4.64,1195.14,7.13695,5.68,1195.14,7.11974,7.99,1195.14,7.14646,17.12,70.26946
addpipe48,75d045a1077049cc,1045.11,,1.06,1045.11,7.48604,2.01,1166.68,7.36343,3.61,1168.54,7.36039,4.37,1178.11,7.38823,5.33,1178.11,7.3788,7.24,1178.11,7.38833,15.95,72.70519
addpipe48,76c811f362e67fec,1095.92,,1.3,1095.92,7.19559,2.32,1221.74,7.11877,3.96,1221.74,7.10849,4.77,1232.38,7.14065,5.82,1232.38,7.12713,8.0,1232.38,7.14482,21.5,70.21582
addpipe48,76eeea2ab331b7e3,1131.3,,1.35,1131.3,7.11437,2.35,1263.5,6.97988,4.0,1263.5,6.9774,4.83,1273.08,7.0076,5.87,1273.08,6.98911,7.91,1273.08,7.01069,16.3,68.83382
addpipe48,7bdcfcef66d2e3b6,1120.13,,1.24,1120.13,7.17751,2.26,1255.25,7.07839,3.88,1255.25,7.07309,4.71,1265.1,7.10246,5.74,1265.1,7.08969,7.87,1265.1,7.09689,16.94,69.7038
addpipe48,7ebdccb5048500e2,1081.82,,1.34,1081.82,7.17032,2.37,1220.67,7.0579,4.02,1220.67,7.05024,4.84,1229.72,7.07411,5.89,1229.72,7.06084,8.04,1229.72,7.08004,16.24,69.57068
addpipe48,8200e49b20497534,1132.1,,1.36,1132.1,7.2769,2.37,1265.36,7.13632,4.02,1268.29,7.14156,4.86,1276.53,7.1628,5.94,1276.53,7.14803,8.22,1276.53,7.17176,16.97,70.44107
addpipe48,826b160c914ba3eb,990.052,,0.97,990.052,6.71252,1.94,1152.58,6.58355,3.45,1152.58,6.57461,4.54,1162.15,6.60816,5.8,1162.15,6.59216,7.98,1162.15,6.61799,16.09,65.01775
addpipe48,9087008fbb615079,1018.51,,1.03,1018.51,7.49844,1.98,1141.14,7.35233,3.49,1141.14,7.35388,4.25,1150.72,7.37568,5.22,1150.72,7.36921,7.13,1150.72,7.3915,14.82,72.76428
addpipe48,97278f2c127f91e6,1057.08,,1.24,1057.08,7.24287,2.24,1198.86,7.13625,3.81,1199.93,7.12867,4.7,1208.44,7.15781,5.73,1208.44,7.14514,7.89,1208.44,7.15971,16.42,70.38866
addpipe48,99e62a7a9246d0cc,1036.34,,1.16,1036.34,7.32236,2.16,1168.27,7.2691,3.75,1170.13,7.26672,4.57,1179.18,7.28809,5.61,1179.18,7.2777,7.61,1179.18,7.28697,16.36,71.69052
addpipe48,a097c9e5193cea5a,974.624,,1.06,974.624,7.4594,2.06,1108.95,7.35445,3.62,1108.95,7.34978,4.36,1116.93,7.37854,5.3,1116.93,7.37297,7.11,1116.93,7.38214,15.18,72.70447
addpipe48,a1b648653c877078,1195.4,,1.42,1195.4,7.22771,2.42,1313.24,7.10233,4.03,1315.1,7.10012,5.11,1324.68,7.12028,6.4,1324.68,7.10285,8.86,1324.68,7.11527,18.28,69.82802
addpipe48,a891156b45f5c2e2,1139.81,,1.39,1139.81,7.15716,2.42,1275.47,7.03097,4.07,1275.47,7.03398,4.93,1284.51,7.05168,5.99,1284.51,7.03687,8.29,1284.51,7.06349,16.8,69.35039
addpipe48,aaa417637ff862fd,994.308,,1.1,994.308,7.46772,2.13,1116.67,7.37247,3.79,1116.67,7.37445,4.6,1125.71,7.40503,5.63,1125.71,7.40424,7.28,1125.71,7.4064,15.49,72.93829
addpipe48,b4f37763cea31215,930.468,,1.08,930.468,7.19061,2.09,1080.23,7.10055,3.66,1080.23,7.09307,4.47,1088.47,7.12632,5.46,1088.47,7.11335,6.91,1088.47,7.13294,14.02,70.24093
addpipe48,b5d35178befde487,1350.48,,1.76,1350.48,7.17341,2.76,1464.6,7.07786,4.5,1469.65,7.09338,5.36,1479.23,7.11724,6.44,1479.23,7.10674,8.99,1479.23,7.11899,18.17,69.71067
addpipe48,c033059c382ba77f,979.146,,1.11,979.146,7.28363,2.1,1127.57,7.1792,3.67,1127.57,7.16872,4.49,1135.55,7.19908,5.49,1135.55,7.18103,7.49,1135.55,7.20031,15.03,70.86755
addpipe48,c0acd4a440fa9734,965.314,,1.07,965.314,7.44715,2.1,1089.0,7.32537,3.65,1090.87,7.32821,4.43,1099.91,7.36377,5.47,1099.91,7.35861,6.98,1099.91,7.35939,15.27,72.49399
addpipe48,c57e921e66df739e,965.846,,1.02,965.846,7.46973,1.98,1096.98,7.34035,3.51,1096.98,7.34085,4.26,1106.03,7.36308,5.21,1106.03,7.35378,6.74,1106.03,7.36621,14.2,72.55607
addpipe48,c8bbccb6296a6a6a,1013.73,,1.07,1013.73,7.49111,2.03,1136.62,7.37936,3.51,1138.48,7.37629,4.29,1147.52,7.41009,5.24,1147.52,7.39853,6.82,1147.52,7.41331,14.5,72.98558
addpipe48,cb28e8c6b126bf81,1140.87,,1.38,1140.87,7.26268,2.41,1269.88,7.17362,4.08,1269.88,7.17154,4.92,1279.46,7.19443,5.99,1279.46,7.18296,8.31,1279.46,7.19844,16.87,70.70494
addpipe48,cb9aea4c1326c39b,956.27,,0.97,956.27,6.64537,1.95,1123.05,6.53717,3.5,1123.05,6.52249,4.29,1132.36,6.54872,5.25,1132.36,6.52737,7.23,1132.36,6.55724,14.38,64.44004
addpipe48,d186f25ac5b4fa90,1177.05,,1.5,1177.05,7.22126,2.51,1307.66,7.09219,4.15,1311.38,7.10172,4.99,1319.36,7.12676,6.03,1319.36,7.11712,8.3,1319.36,7.12865,16.99,69.96714
addpipe48,d187eb966c6b8d27,1008.67,,1.16,1008.67,7.34373,2.18,1145.66,7.25301,3.73,1145.66,7.24766,4.57,1155.77,7.27276,5.56,1155.77,7.26037,7.2,1155.77,7.28506,15.21,71.69483
addpipe48,d2c558c999835820,996.968,,1.06,996.968,7.50514,2.01,1120.13,7.39551,3.52,1121.99,7.39655,4.25,1131.56,7.43135,5.19,1131.56,7.42378,6.94,1131.56,7.43077,15.43,73.17614
addpipe48,d4169ba7c55ae690,953.344,,1.07,953.344,7.4531,2.05,1086.08,7.33613,3.53,1086.08,7.33169,4.29,1096.72,7.35873,5.24,1096.72,7.34728,6.73,1096.72,7.36279,13.46,72.53118
addpipe48,d5265f02b0c4fde6,974.358,,1.01,974.358,6.91976,2.01,1136.62,6.82155,3.55,1136.62,6.81426,4.34,1146.46,6.84994,5.3,1146.46,6.83573,7.23,1146.46,6.85972,14.53,67.45074
addpipe48,da397d89f77a2c1c,1050.97,,1.14,1050.97,7.50819,2.19,1172.53,7.36919,3.77,1172.53,7.36148,4.57,1182.1,7.39669,5.62,1182.1,7.39375,7.8,1182.1,7.39199,16.29,72.7378
addpipe48,dc267ac43d7ff158,1039.0,,1.04,1039.0,7.06864,2.03,1195.4,6.99707,3.59,1197.27,6.99721,4.37,1206.84,7.03457,5.36,1206.84,7.0255,7.16,1206.84,7.03482,14.16,69.14136
addpipe48,e50cbb102f409c57,909.72,,0.99,909.72,6.80481,1.98,1078.1,6.71706,3.47,1078.1,6.71603,4.24,1087.14,6.74017,5.21,1087.14,6.72999,7.13,1087.14,6.74638,13.99,66.37666
addpipe48,e674932c61a4242f,1194.61,,1.44,1194.61,7.26265,2.45,1322.82,7.15156,4.13,1322.82,7.14942,4.97,1331.86,7.17341,6.04,1331.86,7.15157,8.53,1331.86,7.17591,17.63,70.42724
addpipe48,e7a1b085e6d94166,998.032,,1.06,998.032,6.88079,2.06,1155.5,6.79593,3.64,1155.5,6.79305,4.46,1165.08,6.82379,5.49,1165.08,6.79466,7.62,1165.08,6.82879,15.3,67.12282
addpipe48,eab303632fda89e4,919.562,,0.92,919.562,7.09708,1.91,1086.88,7.03208,3.43,1086.88,7.0266,4.27,1096.45,7.05638,5.23,1096.45,7.04074,7.18,1096.45,7.05325,14.17,69.43605
addpipe48,eb559ee238258e2d,1011.6,,1.09,1011.6,7.45316,2.1,1139.81,7.34311,3.72,1139.81,7.3335,4.53,1148.59,7.36022,5.59,1148.59,7.3542,7.61,1148.59,7.36501,17.23,72.50151
addpipe48,eff1306128ac2303,1119.06,,1.43,1119.06,7.0796,2.44,1254.19,6.99512,4.07,1254.19,6.99511,4.96,1264.83,7.02118,6.03,1264.83,7.00842,8.31,1264.83,7.02372,16.76,68.97237
addpipe48,f1c36767b3c1ec42,978.348,,1.07,978.348,7.48095,2.09,1104.7,7.33479,3.63,1106.56,7.3203,4.41,1116.14,7.35885,5.44,1116.14,7.34678,7.56,1116.14,7.35746,15.59,72.45846
addpipe48,f8e6bd07efe76b03,1041.12,,1.15,1041.12,7.31723,2.15,1178.91,7.189,3.71,1178.91,7.19049,4.57,1187.69,7.22448,5.61,1187.69,7.20835,7.83,1187.69,7.22607,15.79,71.07301
addpipe48,f99b3944174d23d9,986.062,,0.95,986.062,6.82737,1.95,1149.65,6.72144,3.48,1151.51,6.71267,4.29,1161.36,6.74082,5.28,1161.36,6.71805,7.28,1161.36,6.74848,14.76,66.32344
addpipe56,00f72ac3d643088d,1302.87,,1.57,1302.87,7.12473,2.58,1453.16,6.96097,4.34,1456.08,6.96596,5.23,1476.3,6.99889,6.34,1476.3,6.98998,8.83,1476.3,7.01218,18.09,68.6455
addpipe56,053508f489aea97a,1253.92,,1.4,1253.92,7.24717,2.42,1414.85,7.09891,4.14,1414.85,7.09421,5.06,1430.81,7.12889,6.14,1430.81,7.11944,8.42,1430.81,7.13461,17.77,69.91529
addpipe56,073fc0934692df36,1152.84,,1.22,1152.84,7.28641,2.25,1311.65,7.18527,3.93,1311.65,7.18416,4.79,1329.2,7.21989,5.85,1329.2,7.20827,8.02,1329.2,7.21638,16.87,70.8346
addpipe56,07b806f4276b74a7,1055.22,,1.03,1055.22,6.5763,2.04,1252.33,6.45482,3.63,1252.33,6.45191,4.48,1269.62,6.48635,5.52,1269.62,6.47203,7.47,1269.62,6.50001,15.09,63.73048
addpipe56,08fc4d419bfff4ba,1210.03,,1.3,1210.03,7.32026,2.31,1363.78,7.24865,4.02,1363.78,7.23909,4.89,1382.4,7.28219,5.98,1382.4,7.2678,8.16,1382.4,7.26418,17.79,71.2594
addpipe56,1277538dbd7cc0a6,1243.55,,1.38,1243.55,7.18705,2.41,1403.15,7.02322,4.08,1403.15,7.02397,4.98,1421.5,7.06947,6.04,1421.5,7.052,8.19,1421.5,7.06875,16.86,69.266
addpipe56,16762381ee5f80af,1449.97,,1.78,1449.97,7.16282,2.83,1602.92,7.03179,4.7,1610.36,7.03998,5.64,1629.52,7.06924,6.78,1629.52,7.05938,9.33,1629.52,7.06986,19.4,69.06908
addpipe56,19eed83f7a475dfa,1136.35,,1.13,1136.35,7.44369,2.09,1293.56,7.29965,3.71,1295.42,7.30969,4.5,1312.18,7.35345,5.51,1312.18,7.34043,7.22,1312.18,7.34579,15.71,72.14572
addpipe56,1a56af07715a908d,1257.91,,1.29,1257.91,7.24535,2.3,1412.99,7.0217,3.99,1412.99,7.01634,4.85,1430.28,7.05041,5.89,1430.28,7.03586,7.78,1430.28,7.07958,16.37,69.36552
addpipe56,1a6bc9379f4e340c,1312.98,,1.69,1312.98,7.09704,2.71,1469.92,6.98416,4.44,1469.92,6.9646,5.32,1487.21,6.98968,6.39,1487.21,6.9801,8.87,1487.21,7.00035,18.13,68.51629
addpipe56,1c376c1e17574465,1137.68,,1.04,1137.68,6.81144,2.03,1332.13,6.69206,3.65,1332.13,6.68452,4.49,1350.22,6.72696,5.54,1350.22,6.70214,7.74,1350.22,6.72743,15.33,65.92408
addpipe56,1cd11953c4d3cc0d,1174.66,,1.09,1174.66,6.86906,2.09,1366.71,6.78343,3.72,1370.43,6.77287,4.54,1387.19,6.81065,5.63,1387.19,6.78963,7.94,1387.19,6.8119,16.53,66.73181
addpipe56,1ecff709b8ed42be,1163.48,,1.07,1163.48,6.60309,2.1,1350.48,6.48996,3.79,1350.48,6.47778,4.65,1367.51,6.51638,5.68,1367.51,6.49736,7.92,1367.51,6.52372,16.65,63.86969
addpipe56,24795503419d3ece,1236.37,,1.23,1236.37,7.18197,2.24,1397.83,7.09362,3.94,1397.83,7.0922,4.79,1415.65,7.12928,5.89,1415.65,7.11795,7.62,1415.65,7.12955,16.01,69.87985
addpipe56,24d21ab458a8b4aa,1333.72,,1.62,1333.72,7.19595,2.64,1489.87,7.06327,4.44,1492.79,7.0609,5.34,1509.82,7.08298,6.43,1509.82,7.06777,8.9,1509.82,7.08502,18.44,69.34038
addpipe56,2771674360be699b,1156.57,,1.23,1156.57,7.4097,2.24,1310.58,7.28124,3.92,1312.44,7.27539,4.76,1330.0,7.3117,5.82,1330.0,7.29786,7.55,1330.0,7.3179,15.74,71.849
addpipe56,286fcc4742a415a5,1157.1,,1.15,1157.1,7.42397,2.14,1307.66,7.30241,3.8,1308.99,7.326,4.6,1326.54,7.37131,5.59,1326.54,7.36123,7.65,1326.54,7.36774,15.56,72.35086
addpipe56,333b5906c945cf55,1161.36,,1.13,1161.36,7.45255,2.09,1297.02,7.32352,3.67,1297.02,7.32215,4.45,1314.57,7.3589,5.43,1314.57,7.34365,7.12,1314.57,7.3496,14.62,72.18143
addpipe56,3550c05f0e9635e7,1160.82,,1.04,1160.82,6.65279,2.04,1347.02,6.56197,3.72,1348.89,6.56066,4.62,1366.44,6.60096,5.65,1366.44,6.58122,8.01,1366.44,6.5952,16.25,64.58556
addpipe56,38bf0c86c8f1ce1f,1136.62,,1.11,1136.62,6.97732,2.1,1327.61,6.88796,3.75,1329.47,6.88458,4.6,1347.29,6.92265,5.66,1347.29,6.9055,7.56,1347.29,6.92358,15.72,67.88851
addpipe56,42e59a6fac3ad621,1259.24,,1.23,1259.24,7.43148,2.26,1402.88,7.28533,4.01,1402.88,7.28137,4.88,1420.17,7.31625,5.94,1420.17,7.30427,8.21,1420.17,7.31805,18.07,71.76033
addpipe56,43af2684e83cc987,1535.88,,1.79,1535.88,7.21694,2.77,1685.38,7.05758,4.5,1685.38,7.0544,5.37,1702.93,7.08466,6.41,1702.93,7.06162,8.85,1702.93,7.08336,18.33,69.13067
addpipe56,44a7a0a81bce59e6,1091.93,,1.05,1091.93,6.58831,2.08,1283.98,6.49101,3.69,1283.98,6.48259,4.54,1300.74,6.52013,5.6,1300.74,6.49949,7.35,1300.74,6.52333,15.31,63.93256
addpipe56,44ab81e1de7a52ab,1156.3,,1.05,1156.3,6.84664,2.05,1345.96,6.725,3.66,1345.96,6.72496,4.53,1363.25,6.75953,5.55,1363.25,6.73747,7.74,1363.25,6.76965,15.87,66.33325
addpipe56,4674d96d652851b8,1464.06,,1.67,1464.06,7.27712,2.7,1596.53,7.1411,4.5,1603.18,7.13994,5.43,1620.47,7.16768,6.57,1620.47,7.15785,9.25,1620.47,7.17711,24.92,70.15063
addpipe56,48f9510950df582f,1289.04,,1.1,1289.04,7.08042,2.12,1484.01,7.00006,3.82,1484.01,6.9884,4.72,1500.77,7.02712,5.75,1500.77,7.0086,7.94,1500.77,7.01849,15.9,68.68413
addpipe56,4bd35c53fb142b8c,1161.89,,1.12,1161.89,6.84838,2.15,1353.67,6.72742,3.9,1354.74,6.76246,4.77,1372.56,6.79876,5.8,1372.56,6.77751,7.53,1372.56,6.79231,17.68,66.55054
addpipe56,556fbaa38909b615,1264.3,,1.59,1264.3,7.12949,2.6,1423.37,7.01628,4.32,1424.43,7.01876,5.2,1442.52,7.05497,6.26,1442.52,7.04199,8.57,1442.52,7.06289,17.17,69.18638
addpipe56,5741a9fe63294e68,1503.17,,2.06,1503.17,7.11789,3.11,1640.69,6.96671,5.0,1645.74,6.97705,5.95,1662.77,6.99748,7.13,1662.77,6.97965,9.89,1662.77,7.00787,21.15,68.41593
addpipe56,580744ea89b8bee5,1129.44,,1.07,1129.44,6.83749,2.08,1316.17,6.6744,3.71,1319.89,6.66392,4.56,1336.92,6.69767,5.59,1336.92,6.67556,7.81,1336.92,6.70609,15.59,65.72398
addpipe56,592a475af85b2381,1343.57,,1.76,1343.57,7.20261,2.81,1489.6,7.05325,4.62,1494.39,7.05167,5.53,1512.21,7.07563,6.63,1512.21,7.05884,8.97,1512.21,7.08647,19.1,69.35249
addpipe56,5de02d078b2c7a88,1161.62,,1.04,1161.62,6.46838,2.06,1353.67,6.33412,3.71,1353.67,6.32718,4.59,1369.63,6.36588,5.62,1369.63,6.34219,7.87,1369.63,6.37855,15.91,62.41587
addpipe56,63ba7cadbcf0c9a8,1167.21,,1.06,1167.21,6.48668,2.07,1357.93,6.35574,3.75,1357.93,6.33784,4.63,1373.89,6.37485,5.67,1373.89,6.35357,7.54,1373.89,6.39535,15.53,62.57961
addpipe56,64348c279c5a8559,1311.65,,1.49,1311.65,7.16895,2.52,1467.79,7.05745,4.29,1467.79,7.05218,5.15,1484.55,7.07403,6.26,1484.55,7.06534,8.66,1484.55,7.0802,18.06,69.31745
addpipe56,66dc57b425963002,1226.79,,1.17,1226.79,7.46235,2.13,1374.95,7.30509,3.77,1377.88,7.31218,4.63,1394.64,7.3506,5.64,1394.64,7.34216,7.6,1394.64,7.34693,16.94,72.07466
addpipe56,671e0ca80da852ed,1139.81,,1.16,1139.81,7.32134,2.2,1286.38,7.17719,3.88,1286.38,7.16996,4.74,1303.67,7.20817,5.77,1303.67,7.19865,8.01,1303.67,7.20801,16.23,70.77643
addpipe56,69dc61bbda92a80d,1086.34,,1.18,1086.34,7.37265,2.21,1247.27,7.22763,3.84,1247.27,7.23148,4.67,1263.5,7.27007,5.71,1263.5,7.25628,7.67,1263.5,7.2773,15.79,71.5095
addpipe56,6d02b8bd1ac9497d,1114.54,,1.07,1114.54,6.75761,2.08,1307.12,6.63572,3.74,1308.99,6.62382,4.57,1326.28,6.66478,5.62,1326.28,6.65513,7.72,1326.28,6.66904,15.76,65.36412
addpipe56,768abcbfaba415e9,1150.45,,1.16,1150.45,7.46443,2.12,1301.54,7.36099,3.69,1301.54,7.35841,4.48,1318.3,7.39002,5.5,1318.3,7.38525,6.89,1318.3,7.39058,14.76,72.5875
addpipe56,7704d6c59e254758,1115.07,,0.91,1115.07,6.60068,1.91,1293.56,6.50614,3.54,1293.56,6.50488,4.4,1311.38,6.54274,5.48,1311.38,6.5194,7.62,1311.38,6.54152,16.49,64.10382
addpipe56,7742418674f8a494,1213.23,,1.26,1213.23,7.48229,2.28,1358.73,7.34791,3.98,1358.73,7.34613,4.87,1376.82,7.39111,5.94,1376.82,7.38237,8.03,1376.82,7.39419,20.47,72.56508
addpipe56,792f7d27b60ef850,1237.17,,1.28,1237.17,7.33352,2.31,1396.5,7.20825,4.03,1398.36,7.19758,4.93,1415.39,7.23609,6.01,1415.39,7.22229,7.91,1415.39,7.23377,16.52,70.92231
addpipe56,83ccc1a0dee36ba1,1430.81,,1.72,1430.81,7.17772,2.7,1573.39,6.98914,4.49,1576.32,7.00776,5.35,1594.67,7.03393,6.4,1594.67,7.02813,8.56,1594.67,7.03854,17.91,68.79073
addpipe56,891f87ed6d679dcb,1308.19,,1.38,1308.19,7.25692,2.4,1462.47,7.1145,4.13,1466.46,7.10287,5.06,1483.48,7.14772,6.16,1483.48,7.13729,8.56,1483.48,7.14804,18.74,69.99692
addpipe56,8949d8f8da6cb87f,1200.46,,1.19,1200.46,7.4855,2.15,1347.02,7.36817,3.77,1352.08,7.3746,4.57,1367.77,7.4111,5.56,1367.77,7.4121,7.16,1367.77,7.41792,15.51,72.81143
addpipe56,89d9a40dce61692c,1152.05,,1.26,1152.05,7.47791,2.25,1299.94,7.33392,3.94,1301.8,7.34337,4.79,1318.83,7.38102,5.86,1318.83,7.3714,7.94,1318.83,7.38414,16.96,72.52257
addpipe56,8a16754e55fd6f99,1456.35,,1.77,1456.35,7.27727,2.81,1604.51,7.145,4.62,1604.51,7.14342,5.56,1621.8,7.17495,6.7,1621.8,7.15984,9.35,1621.8,7.17361,19.27,70.1143
addpipe56,8c1d62195547bd8b,1168.54,,1.07,1168.54,6.68267,2.06,1360.59,6.57605,3.67,1360.59,6.5699,4.54,1377.35,6.60222,5.57,1377.35,6.59526,7.8,1377.35,6.61059,16.39,64.72855
addpipe56,8c3db918546c963a,1581.64,,2.13,1581.64,7.21109,3.18,1720.49,7.0944,5.05,1727.94,7.09998,6.03,1744.96,7.12573,7.21,1744.96,7.10924,9.9,1744.96,7.13015,20.4,69.55654
addpipe56,93c9a6f94a8d3b2c,1236.9,,1.27,1236.9,7.13252,2.29,1401.29,6.99697,3.99,1401.29,6.99289,4.85,1420.97,7.02995,5.91,1420.97,7.0122,8.12,1420.97,7.02456,16.81,68.82463
addpipe56,94760a06134a3843,1519.13,,2.12,1519.13,7.18416,3.16,1660.64,7.03851,5.01,1664.63,7.04791,5.97,1681.92,7.07436,7.15,1681.92,7.05363,10.0,1681.92,7.07385,21.81,69.05658
addpipe56,98d102bb72161552,1143.8,,1.23,1143.8,7.44116,2.25,1297.28,7.30649,3.96,1297.28,7.30522,4.82,1313.77,7.34756,5.9,1313.77,7.3443,7.63,1313.77,7.35082,16.67,72.19443
addpipe56,99915ea0eaf1a7cc,1194.34,,1.43,1194.34,7.13992,2.48,1369.37,7.00078,4.18,1369.37,6.99661,5.06,1389.05,7.03825,6.13,1389.05,7.02904,8.32,1389.05,7.04777,16.86,69.08865
addpipe56,9a812d954e5fe59c,1136.88,,1.22,1136.88,7.43501,2.24,1282.12,7.31179,3.93,1282.12,7.30888,4.76,1299.68,7.34856,5.81,1299.68,7.32973,7.68,1299.68,7.3571,16.06,72.27132
addpipe56,9ef778d0cbf296f0,1343.83,,1.64,1343.83,7.05898,2.66,1503.17,6.96603,4.4,1503.17,6.95983,5.3,1519.39,6.9842,6.37,1519.39,6.96809,8.79,1519.39,6.99076,17.96,68.38821
addpipe56,9f62c3e2ae733fca,1112.94,,1.11,1112.94,7.30892,2.13,1287.44,7.2208,3.78,1287.44,7.21672,4.61,1307.12,7.25707,5.68,1307.12,7.24825,7.89,1307.12,7.25195,16.71,71.21238
addpipe56,9f95eef0e3f07526,1491.73,,1.91,1491.73,7.17308,2.92,1640.95,7.08271,4.73,1640.95,7.07457,5.65,1657.98,7.10136,6.78,1657.98,7.0851,9.13,1657.98,7.10207,19.88,69.36272
addpipe56,9fffeb69cc083580,1186.89,,1.14,1186.89,7.50452,2.09,1336.92,7.37386,3.71,1338.78,7.3647,4.52,1356.33,7.39892,5.55,1356.33,7.39394,7.64,1356.33,7.39569,16.97,72.60057
addpipe56,a132b4af780aa171,1236.37,,1.26,1236.37,7.40746,2.26,1380.27,7.28453,4.02,1381.34,7.27982,4.9,1398.36,7.31958,5.95,1398.36,7.31254,7.48,1398.36,7.31935,16.52,71.79514
addpipe56,a1f10a83e0764cef,1239.29,,1.37,1239.29,7.24892,2.4,1391.18,7.17303,4.16,1391.18,7.1677,5.04,1409.0,7.20065,6.14,1409.0,7.18931,8.46,1409.0,7.19704,18.01,70.5614
addpipe56,a53f2b51fb04df4a,1115.34,,1.16,1115.34,7.44068,2.19,1268.29,7.30864,3.82,1268.29,7.30484,4.63,1284.78,7.33983,5.66,1284.78,7.3285,7.72,1284.78,7.34134,15.66,72.12862
addpipe56,a650c7282be9835d,1170.67,,1.19,1170.67,7.20443,2.2,1326.28,7.08121,3.87,1326.28,7.07318,4.76,1343.3,7.11389,5.82,1343.3,7.09972,7.92,1343.3,7.11359,17.0,69.7926
addpipe56,a650fec168b231df,1198.33,,1.19,1198.33,7.15129,2.22,1371.23,7.0594,3.91,1371.23,7.05617,4.8,1390.91,7.10611,5.85,1390.91,7.08884,8.14,1390.91,7.10156,16.11,69.62469
addpipe56,a9d80ee889071722,1273.61,,1.34,1273.61,7.32474,2.36,1416.18,7.2291,4.1,1417.25,7.22723,5.03,1435.34,7.26789,6.09,1435.34,7.2579,8.34,1435.34,7.26304,18.23,71.19506
addpipe56,b3f3ad69dd4e32ea,1348.35,,1.59,1348.35,7.18084,2.62,1509.02,7.06925,4.43,1509.02,7.06704,5.34,1526.31,7.09393,6.43,1526.31,7.07569,8.79,1526.31,7.09499,18.45,69.42359
addpipe56,b8b083d68b57f008,1199.39,,1.25,1199.39,7.26793,2.27,1357.4,7.06859,3.99,1357.4,7.05353,4.85,1373.89,7.09432,5.91,1373.89,7.08134,8.15,1373.89,7.09395,17.18,69.56561
addpipe56,ba38b8f3c092c736,1452.63,,1.67,1452.63,7.1653,2.66,1604.78,7.01999,4.4,1604.78,7.01301,5.27,1621.8,7.04165,6.35,1622.87,7.03427,8.57,1622.87,7.05485,18.58,68.92563
addpipe56,bdd3944726986256,1236.37,,1.19,1236.37,7.40746,2.17,1380.01,7.28445,3.86,1382.93,7.28143,4.7,1399.96,7.32185,5.71,1399.96,7.31792,7.2,1399.96,7.3222,15.86,71.82204
addpipe56,c15027cc82bb7e4e,1195.4,,1.18,1195.4,7.41778,2.15,1338.51,7.27387,3.82,1338.51,7.26842,4.63,1355.27,7.31041,5.6,1355.27,7.30087,7.24,1355.27,7.31059,15.49,71.75063
addpipe56,c901bfd148b4dc57,1156.83,,1.26,1156.83,7.41157,2.3,1305.26,7.33017,4.02,1307.12,7.3229,4.87,1324.15,7.36204,5.93,1324.15,7.35279,7.67,1324.15,7.35024,15.58,72.17825
addpipe56,cbf2e1075caf3ce7,1284.51,,1.33,1284.51,7.28287,2.36,1443.32,7.14228,4.13,1443.32,7.1376,4.99,1460.34,7.16538,6.08,1460.34,7.14422,8.41,1460.34,7.16889,17.41,70.22856
addpipe56,cc38184659bf011e,1190.62,,1.07,1190.62,6.74842,2.08,1381.07,6.66764,3.77,1382.93,6.65995,4.62,1400.76,6.69644,5.67,1400.76,6.67263,7.97,1400.76,6.69746,17.14,65.57384
addpipe56,da6feef57b9958a1,1511.68,,1.79,1511.68,7.14379,2.82,1651.86,6.98201,4.68,1661.17,6.99221,5.62,1677.13,7.02035,6.76,1677.13,7.00664,9.34,1677.13,7.02891,20.8,68.61197
addpipe56,daa843254c41075d,1082.89,,0.98,1082.89,7.00401,1.99,1278.4,6.94011,3.67,1278.4,6.93535,4.46,1295.95,6.97305,5.48,1295.95,6.95695,7.6,1295.95,6.96701,15.37,68.37415
addpipe56,dc869421e094175a,1187.69,,1.36,1187.69,7.27133,2.4,1347.56,7.14521,4.1,1347.56,7.13869,4.98,1362.98,7.17867,6.06,1362.98,7.16718,8.27,1362.98,7.1899,17.43,70.53602
addpipe56,dd61c572d06ecaf9,1173.33,,1.22,1173.33,7.20241,2.23,1337.71,7.13068,3.86,1337.71,7.11896,4.76,1355.54,7.16104,5.82,1355.54,7.14717,8.09,1355.54,7.15783,16.31,70.22276
addpipe56,decda839bdbc1094,1157.1,,1.2,1157.1,7.22654,2.2,1329.2,7.08619,3.9,1329.2,7.08629,4.72,1344.63,7.12794,5.78,1344.63,7.12256,8.01,1344.63,7.13874,16.45,70.04277
addpipe56,df71068cc778f210,1182.9,,1.31,1182.9,7.3076,2.35,1327.07,7.23638,4.07,1328.94,7.23796,4.93,1345.43,7.27987,5.99,1345.43,7.2716,8.24,1345.43,7.27296,17.04,71.38417
addpipe56,dfd135cb628fa7de,1185.56,,1.28,1185.56,7.21784,2.25,1341.7,7.0819,3.85,1342.77,7.07801,4.65,1359.79,7.11374,5.67,1359.79,7.105,7.82,1359.79,7.13398,15.23,69.98001
addpipe56,ef10cf716cb212a3,1370.96,,1.59,1370.96,7.19945,2.63,1515.67,7.08109,4.37,1515.67,7.07438,5.26,1534.82,7.11007,6.39,1534.82,7.0935,8.91,1534.82,7.11688,18.24,69.63398
addpipe56,f9531df96ed659d6,1101.51,,1.16,1101.51,7.11987,2.19,1281.32,7.01386,3.85,1281.32,7.0088,4.68,1299.14,7.04428,5.72,1299.14,7.0371,7.86,1299.14,7.04664,15.64,69.16726
addpipe56,fad517c9410dc8b9,1128.9,,1.05,1128.9,6.69573,2.07,1322.02,6.58766,3.7,1324.95,6.58891,4.53,1343.03,6.62952,5.57,1343.03,6.60593,7.84,1343.03,6.63045,16.18,64.96147
addpipe56,fda1f1a9c18e70e4,1157.9,,1.25,1157.9,7.43949,2.28,1299.41,7.30731,3.98,1299.41,7.30618,4.84,1316.17,7.341,5.9,1316.17,7.32983,8.1,1316.17,7.33928,18.24,72.07663
addpipe56,fef16559cccf389c,1188.49,,1.3,1188.49,7.13151,2.31,1353.67,7.03752,3.94,1353.67,7.03159,4.83,1372.03,7.07449,5.91,1372.03,7.05701,8.1,1372.03,7.06589,16.88,69.28687
cmp32,00fc08c9562c0b28,176.89,,0.72,176.89,7.59656,1.69,264.67,7.55573,2.9,264.67,7.55532,3.48,268.66,7.53839,4.34,268.66,7.53347,5.07,268.66,7.54051,9.21,75.13644
cmp32,02d5f47e79a67509,182.742,,0.71,182.742,7.67555,1.69,270.522,7.62136,2.89,270.522,7.61752,3.46,274.512,7.6004,4.28,274.512,7.59295,5.53,274.512,7.60603,10.19,75.785788
cmp32,030612f4cb7224f1,186.2,,0.7,186.2,7.65583,1.66,273.98,7.60716,2.92,273.98,7.6084,3.48,277.97,7.59071,4.33,277.97,7.5854,5.26,277.97,7.59575,9.64,75.67953
cmp32,06b87830b5bbfaf8,188.062,,0.72,188.062,7.7171,1.68,275.842,7.65053,2.95,275.842,7.64106,3.54,279.832,7.62312,4.4,279.832,7.61727,5.72,279.832,7.64255,10.88,76.145668
cmp32,07c6b56292c5365a,177.156,,0.7,177.156,7.69129,1.7,264.936,7.63116,2.94,264.936,7.6246,3.53,268.926,7.60945,4.38,268.926,7.60419,5.13,268.926,7.61944,9.4,75.925474
cmp32,09fa4bc7d45af31c,182.742,,0.71,182.742,7.67438,1.66,270.522,7.62257,2.93,270.522,7.62161,3.5,274.512,7.60592,4.33,274.512,7.59545,5.05,274.512,7.60915,9.19,75.816988
cmp32,0a63b1da2cc36f57,174.496,,0.72,174.496,7.66897,1.7,262.276,7.61608,2.97,262.276,7.61354,3.56,266.266,7.59652,4.43,266.266,7.5931,5.1,266.266,7.60483,9.27,75.782034
cmp32,0a9fe0dfe69acb73,188.328,,0.7,188.328,7.67436,1.67,276.108,7.62166,2.88,276.108,7.62294,3.45,280.098,7.60762,4.27,280.098,7.60165,5.52,280.098,7.6071,10.41,75.790902
cmp32,0be858aeaeafc6c1,174.762,,0.74,174.762,7.6814,1.69,262.542,7.60145,2.95,262.542,7.59787,3.53,266.532,7.58141,4.39,266.532,7.5788,5.15,266.532,7.60418,9.63,75.775268
cmp32,0d57ab5a61af7893,187.264,,0.71,187.264,7.65199,1.67,275.044,7.61663,2.88,275.044,7.61567,3.46,279.034,7.59927,4.3,279.034,7.59301,5.26,279.034,7.59961,9.74,75.717066
cmp32,16001d166cbeb6ec,188.86,,0.7,188.86,7.64258,1.64,276.64,7.60384,2.89,276.64,7.60005,3.44,280.63,7.583,4.23,280.63,7.5749,5.14,280.63,7.58449,9.45,75.56427
cmp32,18b5f5fad1060284,180.614,,0.71,180.614,7.62202,1.69,268.394,7.57341,2.94,268.394,7.56934,3.52,272.384,7.55343,4.35,272.384,7.54365,5.28,272.384,7.54764,9.7,75.204016
cmp32,18b605e7eb4e8972,178.752,,0.74,178.752,7.68188,1.7,266.532,7.58321,2.93,266.532,7.58319,3.5,270.522,7.56631,4.33,270.522,7.56555,5.11,270.522,7.58845,9.31,75.613978
cmp32,1df9869cad0e8fb2,176.358,,0.71,176.358,7.60795,1.66,264.138,7.55431,2.86,264.138,7.55452,3.43,268.128,7.53729,4.26,268.128,7.53362,5.03,268.128,7.54286,8.83,75.160472
cmp32,1f8820f9b213d07b,183.54,,0.72,183.54,7.64643,1.71,271.32,7.58609,2.97,271.32,7.58389,3.55,275.31,7.56688,4.37,275.31,7.56222,5.14,275.31,7.57357,9.38,75.46039
cmp32,1fee095819d68f5f,177.688,,0.76,177.688,7.71709,1.74,265.468,7.66315,2.98,265.468,7.65684,3.55,269.458,7.64141,4.37,269.458,7.63529,5.1,269.458,7.6464,9.29,76.194542
cmp32,200d118e5e0823c2,180.614,,0.71,180.614,7.68815,1.65,268.394,7.64273,2.85,268.394,7.64016,3.41,272.384,7.62287,4.22,272.384,7.61902,4.97,272.384,7.62862,9.06,76.013816
cmp32,206b0746b2b16a6f,178.752,,0.73,178.752,7.69925,1.69,266.532,7.62943,2.96,266.532,7.62824,3.54,270.522,7.61205,4.36,270.522,7.60926,5.02,270.522,7.62653,9.62,75.994778
cmp32,22451e9bd432bfea,180.614,,0.71,180.614,7.64536,1.68,268.394,7.58302,2.94,268.394,7.58349,3.51,272.384,7.56598,4.36,272.384,7.55703,5.07,272.384,7.56276,9.16,75.355216
cmp32,22e137ac8e552fd5,176.358,,0.73,176.358,7.68971,1.7,264.138,7.63059,2.93,264.138,7.62468,3.51,268.128,7.60975,4.35,268.128,7.5957,5.03,268.128,7.62054,9.23,75.937272
cmp32,25498ead9965a39b,181.146,,0.72,181.146,7.68206,1.7,268.926,7.61319,2.97,268.926,7.61301,3.56,272.916,7.59623,4.4,272.916,7.58831,5.22,272.916,7.60899,9.55,75.816984
cmp32,2834080022583eb2,183.274,,0.71,183.274,7.65008,1.7,271.054,7.55154,2.95,271.054,7.55691,3.52,275.044,7.54047,4.37,275.044,7.5449,5.24,275.044,7.56085,9.65,75.333456
cmp32,294446297ce7c4ba,176.89,,0.73,176.89,7.68015,1.7,264.67,7.62124,2.96,264.67,7.62519,3.53,268.66,7.60836,4.35,268.66,7.60393,5.08,268.66,7.61227,9.37,75.85404
cmp32,29cfe5b8ec536043,184.072,,0.72,184.072,7.72356,1.69,271.852,7.66626,2.9,271.852,7.66501,3.5,275.842,7.64895,4.33,275.842,7.63999,5.55,275.842,7.66002,10.45,76.324358
cmp32,35434e8bcf24127e,180.082,,0.72,180.082,7.58723,1.68,267.862,7.54451,2.93,267.862,7.54132,3.5,271.852,7.52435,4.32,271.852,7.51511,5.09,271.852,7.5253,9.29,74.981148
cmp32,36f53b0079074503,181.146,,0.72,181.146,7.68558,1.67,268.926,7.64523,2.94,268.926,7.63874,3.5,272.916,7.62016,4.31,272.916,7.61201,5.17,272.916,7.6297,9.51,76.024084
cmp32,3706d0c3d83305d2,185.402,,0.72,185.402,7.6602,1.7,273.182,7.61493,2.88,273.182,7.61311,3.45,277.172,7.59687,4.28,277.172,7.59042,5.5,277.172,7.60226,10.1,75.745428
cmp32,3b6861392f0830d7,182.476,,0.73,182.476,7.67708,1.71,270.256,7.62615,2.94,270.256,7.61849,3.52,274.246,7.60355,4.36,274.246,7.598,5.08,274.246,7.60998,9.23,75.825554
cmp32,42a9c1ffaeefc7ad,185.668,,0.72,185.668,7.67762,1.68,273.448,7.63691,2.93,273.448,7.63403,3.5,277.438,7.61717,4.33,277.438,7.60816,5.08,277.438,7.62094,9.64,75.931962
cmp32,4477734c7f95af63,191.254,,0.72,191.254,7.66916,1.68,279.034,7.61311,2.93,279.034,7.61117,3.52,283.024,7.59407,4.35,283.024,7.59095,5.57,283.024,7.60035,10.38,75.720476
cmp32,44ea79a1aad0b67f,187.796,,0.73,187.796,7.70463,1.7,275.576,7.64416,2.97,275.576,7.64159,3.55,279.566,7.62404,4.39,279.566,7.61899,5.33,279.566,7.63393,9.81,76.059734
cmp32,469749f897b7295d,183.806,,0.73,183.806,7.70627,1.7,271.586,7.64089,2.96,271.586,7.62977,3.54,275.576,7.61554,4.37,275.576,7.61166,5.21,275.576,7.62709,9.55,75.995324
cmp32,4870ca53a8b2c5c7,180.614,,0.7,180.614,7.67053,1.64,268.394,7.58444,2.87,268.394,7.58142,3.42,272.384,7.56419,4.21,272.384,7.56023,4.96,272.384,7.58332,8.68,75.560816
cmp32,48f0d14faf0a0823,194.18,,0.68,194.18,7.69429,1.63,281.96,7.63777,2.88,281.96,7.63774,3.43,285.95,7.62112,4.25,285.95,7.61234,5.46,285.95,7.6183,9.99,75.89705
cmp32,4b094c9c577f34ad,182.21,,0.74,182.21,7.6703,1.72,269.99,7.62567,2.94,269.99,7.62246,3.51,273.98,7.60576,4.33,273.98,7.59914,5.09,273.98,7.61192,9.36,75.84522
cmp32,4e72a3c215128546,175.294,,0.69,175.294,7.68759,1.65,263.074,7.61831,2.83,263.074,7.61318,3.4,267.064,7.59737,4.21,267.064,7.59561,4.87,267.064,7.61509,8.85,75.883836
cmp32,4e92e533e49c9860,184.338,,0.71,184.338,7.62583,1.68,271.32,7.58338,2.94,271.32,7.57863,3.51,275.31,7.56078,4.36,275.31,7.55321,5.31,275.31,7.56133,9.64,75.33799
cmp32,52b91c099ffcd18d,175.294,,0.72,175.294,7.6362,1.67,263.074,7.56106,2.96,263.074,7.56541,3.53,267.064,7.54807,4.37,267.064,7.53748,5.13,267.064,7.55932,8.96,75.326136
cmp32,5416f9d5d7adabde,178.22,,0.73,178.22,7.65285,1.71,266.0,7.5214,2.98,266.0,7.529,3.54,269.99,7.51214,4.37,269.99,7.50882,5.09,269.99,7.53164,9.14,75.04641
cmp32,582f44857a966102,180.348,,0.7,180.348,7.63127,1.66,268.128,7.57936,2.92,268.128,7.57577,3.5,272.118,7.559,4.33,272.118,7.55404,5.33,272.118,7.56692,9.72,75.397082
cmp32,58a288f8e08d64f8,184.87,,0.7,184.87,7.64427,1.65,272.65,7.58546,2.88,272.65,7.58442,3.45,276.64,7.56721,4.28,276.64,7.56982,5.22,276.64,7.58053,9.58,75.52866
cmp32,5a4865b07478fe7b,183.274,,0.71,183.274,7.68617,1.66,271.054,7.64763,2.88,271.054,7.64473,3.45,275.044,7.6272,4.28,275.044,7.62293,5.52,275.044,7.63156,10.4,76.040556
cmp32,5a76cb4c7f19e5af,194.446,,0.72,194.446,7.69709,1.68,282.226,7.64863,2.95,282.226,7.64543,3.54,286.216,7.62976,4.4,286.216,7.62663,5.69,286.216,7.63153,10.43,76.029084
cmp32,5c7e1a1d91335c84,185.934,,0.73,185.934,7.70587,1.69,273.714,7.63063,2.93,273.714,7.62598,3.51,277.704,7.60866,4.32,277.704,7.60543,5.15,277.704,7.62797,9.43,76.001996
cmp32,5db20109c3011627,184.338,,0.72,184.338,7.67166,1.69,272.118,7.62158,2.97,272.118,7.61883,3.54,276.108,7.6028,4.4,276.108,7.59685,5.11,276.108,7.60436,9.2,75.767492
cmp32,5e637bdb449bbc0a,183.806,,0.72,183.806,7.63578,1.7,271.586,7.58557,2.94,271.586,7.58154,3.51,275.576,7.56331,4.34,275.576,7.5613,5.2,275.576,7.5736,9.46,75.460424
cmp32,5eabe36201c2b950,178.22,,0.71,178.22,7.63204,1.68,266.0,7.58794,2.95,266.0,7.57817,3.53,269.99,7.56144,4.39,269.99,7.5505,5.15,269.99,7.56642,9.27,75.39421
cmp32,67126bdf4b0b9f86,185.136,,0.71,185.136,7.67863,1.68,272.916,7.6161,2.92,272.916,7.61484,3.5,276.906,7.5981,4.36,276.906,7.5914,5.71,276.906,7.60769,10.64,75.799994
cmp32,6771ee2862f31249,192.052,,0.71,192.052,7.66744,1.67,279.832,7.62167,2.87,279.832,7.61257,3.44,283.822,7.59696,4.26,283.822,7.58508,5.56,283.822,7.59983,10.32,75.714478
cmp32,677659464e50d7ca,179.018,,0.71,179.018,7.65505,1.65,266.798,7.60894,2.88,266.798,7.59944,3.45,270.788,7.58369,4.29,270.788,7.57662,5.49,270.788,7.59405,10.15,75.669712
cmp32,67c445a8ed22ad8f,181.412,,0.72,181.412,7.63731,1.69,269.192,7.57333,2.96,269.192,7.56932,3.54,273.182,7.55107,4.37,273.182,7.54497,5.16,273.182,7.55915,9.42,75.318318
cmp32,6804d0a6859f0365,185.402,,0.72,185.402,7.63138,1.69,273.182,7.56495,2.9,273.182,7.55415,3.48,277.172,7.53795,4.35,277.172,7.5356,5.16,277.172,7.55948,9.44,75.317628
cmp32,69803ba326adb3b7,179.816,,0.7,179.816,7.6585,1.66,267.596,7.61241,2.94,267.596,7.60851,3.53,271.586,7.59173,4.38,271.586,7.58305,5.11,271.586,7.59749,9.27,75.703314
cmp32,6bb9ce0f1523a1f0,185.136,,0.69,185.136,7.66082,1.63,272.916,7.62106,2.83,272.916,7.62027,3.38,276.906,7.60368,4.19,276.906,7.59836,4.9,276.906,7.6065,8.94,75.788094
cmp32,6eb5c89b94ee748d,186.998,,0.67,186.998,7.67573,1.6,274.778,7.62892,2.77,274.778,7.62511,3.34,278.768,7.60666,4.14,278.768,7.60274,5.06,278.768,7.6153,9.34,75.874232
cmp32,6f767c08c7157524,180.082,,0.7,180.082,7.62383,1.65,267.862,7.57181,2.95,267.862,7.56322,3.53,271.852,7.54553,4.38,271.852,7.54209,5.31,271.852,7.55219,9.9,75.250048
cmp32,70b45b1b314bc635,180.614,,0.71,180.614,7.59513,1.68,268.394,7.559,2.91,268.394,7.55506,3.48,272.384,7.53841,4.33,272.384,7.53246,5.13,272.384,7.54055,9.35,75.133116
cmp32,711114a484cb2f60,177.954,,0.72,177.954,7.69118,1.67,265.734,7.63154,2.89,265.734,7.62739,3.46,269.724,7.60989,4.3,269.724,7.61037,4.99,269.724,7.63033,8.62,76.033576
cmp32,7475e551734ab08f,175.826,,0.71,175.826,7.70184,1.69,263.606,7.59089,2.94,263.606,7.57946,3.51,267.596,7.56296,4.35,267.596,7.56334,5.05,267.596,7.58711,9.27,75.603504
cmp32,768618094895b7ec,188.328,,0.71,188.328,7.68703,1.69,276.108,7.62166,2.97,276.108,7.6232,3.55,280.098,7.60722,4.41,280.098,7.60107,5.37,280.098,7.61688,9.39,75.888702
cmp32,773b16c3f42a19c8,188.594,,0.71,188.594,7.67952,1.67,276.374,7.62484,2.92,276.374,7.61454,3.48,280.364,7.59844,4.33,280.364,7.59418,5.1,280.364,7.60743,9.28,75.793936
cmp32,77ab7d01d486e9e5,179.284,,0.72,179.284,7.69865,1.69,267.064,7.63446,2.95,267.064,7.63146,3.53,271.054,7.61293,4.39,271.054,7.608,5.14,271.054,7.62689,9.35,75.997846
cmp32,7d93f5c599fe7384,178.752,,0.73,178.752,7.61537,1.7,266.532,7.53701,2.94,266.532,7.53114,3.53,270.522,7.51447,4.39,270.522,7.50554,5.28,270.522,7.53237,9.63,75.053178
cmp32,7da3dc3140da4af7,187.264,,0.71,187.264,7.64209,1.69,273.182,7.57925,2.96,273.182,7.5789,3.56,277.172,7.56161,4.41,277.172,7.55517,5.21,277.172,7.57059,9.54,75.428728
cmp32,7db2fcfb2a367e30,178.486,,0.71,178.486,7.64417,1.69,266.266,7.54407,2.93,266.266,7.54464,3.5,270.256,7.52993,4.33,270.256,7.53056,5.14,270.256,7.53926,9.37,75.122344
cmp32,7fa296b4725edab8,172.368,,0.71,172.368,7.6714,1.68,260.148,7.61094,2.94,260.148,7.59033,3.52,264.138,7.57389,4.34,264.138,7.56936,5.02,264.138,7.58995,9.05,75.635362
cmp32,80361fcfff0fcf61,185.136,,0.74,185.136,7.66741,1.74,272.916,7.60507,2.97,272.916,7.61717,3.56,276.906,7.60181,4.43,276.906,7.59401,5.18,276.906,7.60788,9.39,75.801894
cmp32,82185c6c8392f5c4,177.688,,0.69,177.688,7.65562,1.64,265.468,7.57438,2.91,265.468,7.57052,3.49,269.458,7.55194,4.33,269.458,7.55024,5.59,269.458,7.56878,10.51,75.418342
cmp32,846095138769a6a7,179.284,,0.74,179.284,7.67007,1.7,267.064,7.59913,2.93,267.064,7.59594,3.5,271.054,7.57943,4.34,271.054,7.57952,5.11,271.054,7.59944,9.27,75.723346
cmp32,852870bd43785f45,180.88,,0.7,180.88,7.68035,1.65,268.66,7.61374,2.85,268.66,7.61405,3.41,272.65,7.59616,4.25,272.65,7.59522,5.18,272.65,7.60536,9.46,75.78095
cmp32,86cdd9241b7edbc0,190.456,,0.68,190.456,7.6546,1.6,278.236,7.60994,2.74,278.236,7.6026,3.29,282.226,7.58829,4.08,282.226,7.58163,5.28,282.226,7.59024,9.76,75.620174
cmp32,88231cd145ff32e2,187.796,,0.72,187.796,7.62671,1.69,275.576,7.54249,2.97,275.576,7.53877,3.53,279.566,7.52262,4.39,279.566,7.52916,5.28,279.566,7.53767,9.6,75.097134
cmp32,8c0c48dad7b90d2d,182.21,,0.7,182.21,7.66773,1.67,269.99,7.61032,2.96,269.99,7.59921,3.54,273.98,7.5813,4.36,273.98,7.57452,5.12,273.98,7.58765,9.29,75.60252
cmp32,8d352da32e740ffc,177.156,,0.68,177.156,7.69083,1.57,264.936,7.62313,2.73,264.936,7.62512,3.27,268.926,7.60808,4.05,268.926,7.5958,4.74,268.926,7.62112,8.62,75.942274
cmp32,8ed4583fdb3f8947,184.87,,0.71,184.87,7.68138,1.68,271.852,7.62229,2.95,271.852,7.62587,3.51,275.842,7.6099,4.36,275.842,7.60287,5.13,275.842,7.61056,9.62,75.829758
cmp32,9139e29a9b355805,180.88,,0.7,180.88,7.66356,1.66,268.66,7.60791,2.86,268.66,7.60445,3.44,272.65,7.58798,4.26,272.65,7.58637,5.49,272.65,7.59744,10.19,75.70175
cmp32,91511cfa29f7306f,187.53,,0.74,187.53,7.67438,1.71,275.31,7.60152,2.93,275.31,7.60319,3.51,279.3,7.58526,4.33,279.3,7.58326,5.23,279.3,7.59882,9.72,75.7089
cmp32,93b456fc0b0bbda4,180.614,,0.72,180.614,7.67341,1.68,268.394,7.63245,2.93,268.394,7.63058,3.5,272.384,7.61174,4.34,272.384,7.60506,5.6,272.384,7.6162,10.31,75.889616
cmp32,96ca43ffd3c0083b,188.594,,0.74,188.594,7.65355,1.7,276.374,7.6065,2.96,276.374,7.60149,3.53,280.364,7.58488,4.39,280.364,7.57979,5.19,280.364,7.59182,9.56,75.637836
cmp32,9755fb60f8c70439,184.338,,0.71,184.338,7.67769,1.67,272.118,7.61787,2.91,272.118,7.61255,3.49,276.108,7.5964,4.33,276.108,7.59504,5.1,276.108,7.60938,9.66,75.817692
cmp32,98decd483874fc6f,180.614,,0.71,180.614,7.67914,1.68,268.394,7.60985,2.94,268.394,7.60205,3.51,272.384,7.58547,4.37,272.384,7.57975,5.09,272.384,7.59731,9.24,75.700716
cmp32,99efd983b0dffd18,195.776,,0.7,195.776,7.67356,1.67,283.556,7.61068,2.95,283.556,7.61291,3.53,287.546,7.59549,4.39,287.546,7.59168,5.27,287.546,7.59942,9.58,75.706654
cmp32,9a45feb68fa618b4,177.688,,0.72,177.688,7.68572,1.65,265.468,7.62388,2.94,265.468,7.62374,3.51,269.458,7.60722,4.36,269.458,7.6021,5.07,269.458,7.62153,9.64,75.945842
cmp32,9b356ac6cdab28d6,184.604,,0.7,184.604,7.64327,1.65,272.384,7.60488,2.86,272.384,7.60086,3.42,276.374,7.58501,4.27,276.374,7.57985,5.17,276.374,7.58877,9.42,75.611326
cmp32,9cdaeecd7f4adaf9,174.496,,0.69,174.496,7.66227,1.65,262.276,7.61486,2.87,262.276,7.61183,3.43,266.266,7.59416,4.28,266.266,7.58604,5.04,266.266,7.59896,9.19,75.723334
cmp32,9ce0e43a06650dbb,176.092,,0.73,176.092,7.64751,1.69,263.872,7.56626,2.9,263.872,7.56552,3.46,267.862,7.54866,4.32,267.862,7.5507,5.24,267.862,7.55759,9.61,75.308038
cmp32,9e46896ef97504ba,187.796,,0.7,187.796,7.71622,1.63,275.576,7.64364,2.82,275.576,7.64032,3.39,279.566,7.62375,4.21,279.566,7.61912,4.93,279.566,7.63915,9.02,76.111934
cmp32,9e6056e295f28040,193.116,,0.71,193.116,7.70064,1.66,280.896,7.63162,2.86,280.896,7.62965,3.42,284.886,7.61439,4.23,284.886,7.61139,5.39,284.886,7.62658,10.06,75.980914
cmp32,a01dd021a1e5c8ad,180.348,,0.72,180.348,7.67635,1.67,268.128,7.6387,2.89,268.128,7.63454,3.47,272.118,7.61711,4.31,272.118,7.61287,4.97,272.118,7.62037,9.16,75.931582
cmp32,a0ada71921d35268,179.816,,0.73,179.816,7.65344,1.7,267.596,7.61089,2.94,267.596,7.61007,3.52,271.586,7.5949,4.35,271.586,7.5872,5.2,271.586,7.59822,9.52,75.710614
cmp32,a0dd5d2b9c81536a,186.998,,0.71,186.998,7.64854,1.69,274.778,7.60213,2.91,274.778,7.60641,3.47,278.768,7.59,4.32,278.768,7.58581,5.17,278.768,7.59286,9.6,75.649832
cmp32,a1cb05e19887ef99,183.008,,0.72,183.008,7.63024,1.68,270.788,7.58742,2.88,270.788,7.58014,3.45,274.778,7.56318,4.28,274.778,7.55559,5.08,274.778,7.5721,9.33,75.446222
cmp32,a4f97c8dfece53c3,173.698,,0.71,173.698,7.58625,1.65,261.478,7.5344,2.87,261.478,7.53249,3.44,265.468,7.51401,4.3,265.468,7.50501,5.02,265.468,7.52329,9.33,74.967432
cmp32,a50751dc9126abe0,176.624,,0.73,176.624,7.68488,1.7,264.404,7.65474,2.92,264.404,7.65204,3.5,268.394,7.63596,4.35,268.394,7.6304,5.05,268.394,7.63802,8.8,76.111806
cmp32,a965ed04592146f3,175.56,,0.72,175.56,7.67855,1.68,263.34,7.61047,2.93,263.34,7.60284,3.49,267.33,7.58537,4.34,267.33,7.58559,5.09,267.33,7.60212,8.97,75.75387
cmp32,a96c91bf550cbcb6,191.52,,0.73,191.52,7.66477,1.7,279.3,7.61686,2.94,279.3,7.61656,3.53,283.29,7.60139,4.39,283.29,7.59399,5.25,283.29,7.60507,9.23,75.76741
cmp32,a982e2e11756afd6,176.358,,0.73,176.358,7.72046,1.69,264.138,7.64518,2.94,264.138,7.64589,3.52,268.128,7.62861,4.35,268.128,7.62116,5.09,268.128,7.63719,9.32,76.103772
cmp32,aa3e26df9e6f5486,183.806,,0.69,183.806,7.66616,1.64,271.586,7.61311,2.83,271.586,7.61011,3.39,275.576,7.59303,4.2,275.576,7.58851,4.9,275.576,7.59931,8.91,75.717524
cmp32,aabba3e68bcc1694,177.422,,0.71,177.422,7.66882,1.67,265.202,7.62246,2.88,265.202,7.61335,3.46,269.192,7.59715,4.28,269.192,7.59217,5.04,269.192,7.60488,9.39,75.779608
cmp32,b00d49fa2f1313a0,179.018,,0.68,179.018,7.69133,1.59,266.798,7.63573,2.76,266.798,7.63814,3.3,270.788,7.62334,4.1,270.788,7.62033,4.79,270.788,7.62837,8.76,76.012912
cmp32,b1252d7d6950db3e,177.954,,0.71,177.954,7.66727,1.66,265.734,7.61094,2.89,265.734,7.61136,3.47,269.724,7.59409,4.31,269.724,7.58734,5.12,269.724,7.59465,9.44,75.676776
cmp32,b2310707c6e2964b,183.274,,0.7,183.274,7.69366,1.65,271.054,7.62521,2.85,271.054,7.62498,3.42,275.044,7.60973,4.25,275.044,7.60934,4.99,275.044,7.61834,9.13,75.908356
cmp32,b26efa9951bd5393,187.796,,0.72,187.796,7.64342,1.68,275.576,7.59197,2.91,275.576,7.5848,3.48,279.566,7.56991,4.32,279.566,7.56729,5.65,279.566,7.57733,10.45,75.493734
cmp32,b3649cb9af11eb57,183.274,,0.73,183.274,7.63785,1.71,271.054,7.59223,2.97,271.054,7.58979,3.54,275.044,7.57217,4.36,275.044,7.56438,5.08,275.044,7.57689,9.25,75.493856
cmp32,b412eecbd6bfbace,174.23,,0.73,174.23,7.6388,1.71,262.01,7.58918,2.95,262.01,7.58577,3.51,266.0,7.56818,4.35,266.0,7.56426,5.05,266.0,7.57363,9.19,75.4703
cmp32,b4f845ed1e6b0dbe,176.092,,0.73,176.092,7.69067,1.71,263.872,7.64139,2.95,263.872,7.63436,3.54,267.862,7.61731,4.38,267.862,7.60989,5.12,267.862,7.62456,9.24,75.977738
cmp32,bc4f81c293769a7d,193.914,,0.7,193.914,7.65679,1.64,281.694,7.61381,2.82,281.694,7.61608,3.38,285.684,7.59956,4.21,285.684,7.59481,5.52,285.684,7.60188,9.9,75.733116
cmp32,bd4e12a021f74595,184.604,,0.71,184.604,7.6307,1.66,272.384,7.58006,2.93,272.384,7.57282,3.53,276.374,7.55607,4.39,276.374,7.54977,5.66,276.374,7.56409,10.55,75.364526
cmp32,c0ff4595eff138c5,184.338,,0.74,184.338,7.66159,1.7,272.118,7.6109,2.92,272.118,7.60891,3.5,276.108,7.59182,4.32,276.108,7.58926,5.07,276.108,7.59946,9.22,75.718492
cmp32,c240c04c0aeec325,176.358,,0.73,176.358,7.68673,1.71,264.138,7.61252,2.95,264.138,7.61132,3.52,268.128,7.59441,4.34,268.128,7.59141,5.01,268.128,7.60776,9.14,75.809472
cmp32,c2a8189eaf0c6191,190.722,,0.69,190.722,7.65741,1.66,278.502,7.58547,2.87,278.502,7.58303,3.44,282.492,7.56742,4.28,282.492,7.56841,5.56,282.492,7.58714,10.25,75.588908
cmp32,c62796fbae7cdaf0,176.624,,0.7,176.624,7.67633,1.64,264.404,7.6294,2.85,264.404,7.6227,3.41,268.394,7.60651,4.21,268.394,7.60621,4.9,268.394,7.61326,9.42,75.864206
cmp32,c9b89f0a702b891a,182.742,,0.68,182.742,7.66391,1.63,270.522,7.59455,2.83,270.522,7.59152,3.37,274.512,7.57623,4.19,274.512,7.57708,5.09,274.512,7.58643,9.07,75.589788
cmp32,cb5701a2ea0eddfe,180.082,,0.73,180.082,7.63511,1.69,267.862,7.56847,2.93,267.862,7.56303,3.52,271.852,7.54685,4.35,271.852,7.54514,5.1,271.852,7.55956,9.32,75.323748
cmp32,ce50f8bc421df837,187.796,,0.73,187.796,7.67461,1.71,275.576,7.62484,3.02,275.576,7.6211,3.59,279.566,7.60474,4.46,279.566,7.5989,5.26,279.566,7.60501,9.58,75.770534
cmp32,cf127170acaf36e2,185.136,,0.73,185.136,7.68361,1.68,272.916,7.64332,2.94,272.916,7.64314,3.53,276.906,7.62621,4.4,276.906,7.61893,5.16,276.906,7.63112,9.26,76.034294
cmp32,d03a019958f85be3,184.338,,0.73,184.338,7.61401,1.68,272.118,7.56377,2.94,272.118,7.5596,3.51,276.108,7.54457,4.34,276.108,7.53444,5.22,276.108,7.55206,9.71,75.244492
cmp32,d14f35f734578d1b,180.614,,0.7,180.614,7.67543,1.65,268.394,7.61504,2.84,268.394,7.61052,3.41,272.384,7.59312,4.22,272.384,7.59067,5.03,272.384,7.60274,9.35,75.755016
cmp32,d1d0e6f615e54534,179.816,,0.72,179.816,7.70185,1.7,267.596,7.6216,2.96,267.596,7.60273,3.53,271.586,7.58724,4.41,271.586,7.5902,5.11,271.586,7.61418,9.3,75.870214
cmp32,d272ad1b8dcfde34,179.55,,0.73,179.55,7.67111,1.69,267.33,7.62362,2.98,267.33,7.61813,3.56,271.32,7.60083,4.4,271.32,7.59466,5.16,271.32,7.61038,9.32,75.83248
cmp32,d3b1abea5d059203,184.604,,0.71,184.604,7.6804,1.69,272.384,7.61145,2.92,272.384,7.61006,3.5,276.374,7.59343,4.34,276.374,7.59001,5.6,276.374,7.60236,9.92,75.747226
cmp32,d70b3f6da8fe4c50,184.072,,0.71,184.072,7.72179,1.65,271.852,7.66065,2.88,271.852,7.66285,3.46,275.842,7.64544,4.27,275.842,7.64106,5.08,275.842,7.65583,9.35,76.282458
cmp32,d7f621418fab9fe2,183.54,,0.69,183.54,7.65463,1.65,271.32,7.60712,2.87,271.32,7.60109,3.44,275.31,7.58569,4.28,275.31,7.5816,5.17,275.31,7.59015,9.47,75.62619
cmp32,d947ccc0d8164042,185.136,,0.71,185.136,7.68797,1.64,272.916,7.63334,2.86,272.916,7.63656,3.43,276.906,7.62069,4.26,276.906,7.61672,5.03,276.906,7.62799,9.14,76.002994
cmp32,d980e59a944a3fe9,181.146,,0.69,181.146,7.69699,1.63,268.926,7.62839,2.83,268.926,7.63259,3.39,272.916,7.61614,4.19,272.916,7.61145,5.08,272.916,7.62542,9.31,75.981284
cmp32,db63448cc07bd4e5,179.018,,0.72,179.018,7.65981,1.7,266.798,7.60002,2.99,266.798,7.59042,3.58,270.788,7.57324,4.41,270.788,7.5681,5.34,270.788,7.58931,10.13,75.622312
cmp32,dbc3fb9636fc203b,184.338,,0.69,184.338,7.68102,1.63,272.118,7.62586,2.87,272.118,7.62467,3.42,276.108,7.60669,4.23,276.108,7.60096,4.91,276.108,7.60949,8.9,75.818792
cmp32,de2cadcc17eb8d62,177.156,,0.7,177.156,7.63899,1.65,264.936,7.56334,2.88,264.936,7.55083,3.46,268.926,7.53437,4.28,268.926,7.52255,5.01,268.926,7.546,9.2,75.191074
cmp32,df2206e890dd8e3f,178.486,,0.74,178.486,7.63985,1.73,266.266,7.59401,2.96,266.266,7.58782,3.55,270.256,7.57004,4.37,270.256,7.55725,5.1,270.256,7.57551,9.34,75.484844
cmp32,df2f43dc32c9b32c,177.954,,0.7,177.954,7.66189,1.64,265.734,7.62327,2.84,265.734,7.62158,3.4,269.724,7.60407,4.21,269.724,7.59762,4.94,269.724,7.60564,8.97,75.786676
cmp32,e0b5e209a54065ba,183.274,,0.76,183.274,7.67371,1.72,271.054,7.60669,2.99,271.054,7.60329,3.56,275.044,7.58722,4.41,275.044,7.584,5.18,275.044,7.59275,9.43,75.652456
cmp32,e374d333cbb87d0d,180.082,,0.69,180.082,7.66247,1.63,267.862,7.62204,2.81,267.862,7.61836,3.37,271.852,7.60129,4.19,271.852,7.59711,4.95,271.852,7.60569,9.13,75.785048
cmp32,e64c3f65f7a63db0,183.008,,0.68,183.008,7.65053,1.58,270.788,7.60135,2.72,270.788,7.59765,3.26,274.778,7.57945,4.03,274.778,7.56845,4.73,274.778,7.58816,8.63,75.606822
cmp32,e733c93043ebf034,178.752,,0.73,178.752,7.61265,1.72,266.532,7.54305,2.97,266.532,7.53899,3.55,270.522,7.52261,4.37,270.522,7.51339,5.32,270.522,7.53814,9.74,75.110878
cmp32,e9d36b4eeedb6dbc,178.486,,0.71,178.486,7.67182,1.69,266.266,7.60745,2.92,266.266,7.60314,3.5,270.256,7.58678,4.32,270.256,7.58208,5.12,270.256,7.59878,9.4,75.717544
cmp32,ea3cae37ac26f189,190.19,,0.72,190.19,7.68862,1.69,277.97,7.63329,2.92,277.97,7.63791,3.5,281.96,7.61902,4.33,281.96,7.61113,5.26,281.96,7.62621,9.34,75.98014
cmp32,eb439d554bf26935,180.082,,0.71,180.082,7.65028,1.68,267.862,7.60767,2.97,267.862,7.5989,3.54,271.852,7.58087,4.37,271.852,7.57511,5.25,271.852,7.58526,9.51,75.580748
cmp32,eb8288c1a4431463,193.116,,0.73,193.116,7.66631,1.69,280.896,7.62401,2.91,280.896,7.62173,3.49,284.886,7.60554,4.32,284.886,7.59798,5.29,284.886,7.6078,9.67,75.793114
cmp32,ef656a23dbf4ffaa,184.604,,0.7,184.604,7.65649,1.65,272.384,7.60711,2.92,272.384,7.60124,3.49,276.374,7.58408,4.35,276.374,7.58185,5.09,276.374,7.59234,9.26,75.647026
cmp32,f183edf9d791e4f2,190.19,,0.72,190.19,7.69383,1.7,277.97,7.62434,3.0,277.97,7.61632,3.6,281.96,7.59938,4.46,281.96,7.59507,5.75,281.96,7.61039,10.62,75.82194
cmp32,f403962f123c9b0c,182.21,,0.74,182.21,7.65782,1.72,269.99,7.60445,2.99,269.99,7.59858,3.57,273.98,7.58287,4.42,273.98,7.5785,5.27,273.98,7.59102,9.59,75.63622
cmp32,f51b0dea9aca4e0d,172.634,,0.7,172.634,7.6307,1.67,260.414,7.5869,2.92,260.414,7.58448,3.51,264.404,7.56894,4.34,264.404,7.56579,5.03,264.404,7.5762,9.13,75.497596
cmp32,f56953bd5c42da81,173.166,,0.71,173.166,7.68444,1.68,260.946,7.63547,2.91,260.946,7.63537,3.48,264.936,7.61666,4.31,264.936,7.60885,5.03,264.936,7.62312,9.37,75.966264
cmp32,f61896216e8a41ba,190.19,,0.72,190.19,7.69103,1.68,277.97,7.62467,2.96,277.97,7.62246,3.52,281.96,7.60681,4.35,281.96,7.59984,5.22,281.96,7.61933,9.22,75.91134
cmp32,f6b1d6f10635e720,193.116,,0.74,193.116,7.68311,1.72,280.896,7.62318,3.02,280.896,7.6216,3.6,284.886,7.60433,4.45,284.886,7.59632,5.78,284.886,7.6094,10.61,75.809114
cmp32,f71fb7e020003598,183.274,,0.7,183.274,7.56865,1.67,271.054,7.52837,2.89,271.054,7.5301,3.48,275.044,7.51362,4.31,275.044,7.50751,5.12,275.044,7.51617,9.44,74.886656
cmp32,f770dc0dce21579a,183.54,,0.72,183.54,7.65886,1.7,271.32,7.62016,3.0,271.32,7.61784,3.56,275.31,7.60036,4.41,275.31,7.59823,5.68,275.31,7.60381,10.43,75.76279
cmp32,f7897feec6f4bf45,186.2,,0.75,186.2,7.67861,1.74,273.98,7.62378,3.03,273.98,7.61454,3.6,277.97,7.59808,4.42,277.97,7.59675,5.28,277.97,7.60581,9.61,75.78013
cmp32,f8183531af7d8699,183.008,,0.71,183.008,7.67496,1.66,270.788,7.62636,2.92,270.788,7.62593,3.49,274.778,7.61155,4.33,274.778,7.60886,5.26,274.778,7.61857,9.61,75.910922
cmp32,fbaa4ae821831f44,196.84,,0.72,196.84,7.64736,1.69,284.62,7.60533,2.88,284.62,7.60026,3.45,288.61,7.58397,4.28,288.61,7.57998,5.54,288.61,7.58648,10.21,75.57619
cmp32,fda50d12ddd6e920,180.348,,0.7,180.348,7.69435,1.66,268.128,7.61083,2.89,268.128,7.60263,3.46,272.118,7.58774,4.29,272.118,7.57663,5.17,272.118,7.60334,9.51,75.761282
cmp32,fec23b5d54d258b0,181.412,,0.71,181.412,7.6466,1.67,269.192,7.59071,2.93,269.192,7.58891,3.5,273.182,7.57139,4.33,273.182,7.56763,5.09,273.182,7.57999,9.35,75.526718
lanesum16x8_tree,38b578033f5918ca,1046.98,,1.16,1046.98,6.94936,2.2,1237.43,6.83124,3.98,1237.43,6.8322,4.77,1242.22,6.82821,5.81,1242.22,6.80483,7.38,1242.22,6.84211,14.56,67.17888
lanesum16x8_tree,3b88dc6eb1853246,1045.38,,1.19,1045.38,6.94938,2.2,1233.97,6.78218,3.9,1233.97,6.79462,4.72,1238.76,6.79336,5.79,1238.76,6.772,7.27,1238.76,6.82052,15.05,66.96644
lanesum16x8_tree,3e590dfb8987cb6a,955.738,,1.09,955.738,6.66304,2.11,1147.79,6.55045,3.69,1147.79,6.55075,4.52,1152.58,6.55401,5.59,1152.58,6.52144,7.02,1152.58,6.57162,13.91,64.56362
lanesum16x8_tree,4ba1e7122835b05f,692.398,,0.76,692.398,6.96684,1.73,883.12,6.89117,3.11,883.12,6.87759,3.81,887.908,6.87624,4.74,887.908,6.85991,5.84,887.908,6.88689,12.45,67.980992
lanesum16x8_tree,5046a8ebe2366caf,1091.93,,1.15,1091.93,6.95714,2.16,1277.6,6.78923,3.87,1277.6,6.78887,4.72,1282.39,6.78907,5.81,1282.39,6.77055,7.34,1282.39,6.81276,14.79,66.84521
lanesum16x8_tree,5b892acc9ed6e272,1006.28,,1.13,1006.28,6.97612,2.15,1202.32,6.84104,3.8,1202.32,6.85137,4.6,1207.11,6.8447,5.63,1207.11,6.8197,6.96,1207.11,6.86557,13.59,67.44859
lanesum16x8_tree,615257731f304cba,869.022,,0.99,869.022,6.99162,2.0,1060.01,6.80653,3.55,1060.01,6.81661,4.31,1064.8,6.80984,5.35,1064.8,6.79573,6.73,1064.8,6.81862,13.19,67.1214
lanesum16x8_tree,78355e825a31ee9a,965.048,,1.13,965.048,6.91494,2.13,1158.7,6.77585,3.76,1158.7,6.78379,4.56,1163.48,6.78075,5.57,1163.48,6.75441,7.56,1163.48,6.81188,14.54,66.95532
lanesum16x8_tree,850edae0e121b216,856.52,,0.98,856.52,6.97979,2.01,1051.23,6.78108,3.56,1053.09,6.78117,4.34,1057.88,6.77914,5.35,1057.88,6.77297,6.72,1057.88,6.7913,14.05,66.85512
lanesum16x8_tree,a9a991325c6eaa40,778.316,,0.87,778.316,6.77452,1.89,964.25,6.64841,3.37,964.25,6.63891,4.12,969.038,6.63121,5.1,969.038,6.60495,6.43,969.038,6.64129,14.21,65.443862
lanesum16x8_tree,be9b1723c070c7e0,921.956,,1.11,921.956,6.88675,2.14,1121.46,6.76507,3.74,1121.46,6.75413,4.52,1126.24,6.75035,5.58,1126.24,6.73275,6.95,1126.24,6.77283,13.8,66.60206
lanesum16x8_tree,e30875c32d27c021,846.146,,0.97,846.146,6.96391,1.98,1031.28,6.83927,3.51,1032.35,6.84725,4.3,1037.13,6.84289,5.29,1037.13,6.81949,7.01,1037.13,6.85352,14.71,67.49807
lanesum16x8_tree,e72175c3c288bac0,996.968,,1.1,996.968,6.93397,2.11,1188.22,6.79498,3.68,1188.22,6.80147,4.46,1193.01,6.79481,5.49,1193.01,6.77116,6.98,1193.01,6.81614,13.86,66.96839
lanesum16x8_tree,fd5e2d541d0458eb,709.688,,0.87,709.688,6.96168,1.89,908.39,6.87422,3.3,908.39,6.86788,4.02,913.178,6.86234,4.95,913.178,6.84646,6.16,913.178,6.8695,12.66,67.781822
popcount16_tree,08674210dd61daf1,150.024,,0.69,150.024,7.42196,1.65,191.52,7.36528,2.82,191.52,7.36563,3.38,195.51,7.35159,4.18,195.51,7.34193,5.03,195.51,7.35422,9.22,73.34669
popcount16_tree,08c938f809fa6851,162.26,,0.65,162.26,7.4036,1.61,203.756,7.35002,2.73,203.756,7.34959,3.27,207.746,7.3386,4.1,207.746,7.33021,5.05,207.746,7.34033,9.0,73.195554
popcount16_tree,0c4d1d1f055f2f19,141.512,,0.63,141.512,7.35001,1.54,183.008,7.30551,2.63,183.008,7.30168,3.14,186.998,7.2892,3.87,186.998,7.28441,4.69,186.998,7.28889,8.64,72.701902
popcount16_tree,0d0b997f25dc9041,158.802,,0.65,158.802,7.38486,1.59,202.958,7.33721,2.72,202.958,7.33622,3.26,206.948,7.32209,4.06,206.948,7.3174,4.94,206.948,7.32003,9.15,72.993352
popcount16_tree,11d7ce6acb1fd483,116.242,,0.62,116.242,7.31183,1.53,158.536,7.2611,2.62,158.536,7.26295,3.12,162.526,7.25172,3.88,162.526,7.24266,4.65,162.526,7.25629,8.61,72.400374
popcount16_tree,1306a2d790886f51,152.684,,0.64,152.684,7.42185,1.58,194.18,7.36195,2.74,194.18,7.36248,3.27,198.17,7.34921,4.07,198.17,7.33548,5.05,198.17,7.35308,9.41,73.33263
popcount16_tree,14d7cd573bea6932,142.576,,0.65,142.576,7.28736,1.58,184.072,7.23286,2.7,184.072,7.23288,3.23,188.062,7.21849,4.02,188.062,7.20813,4.83,188.062,7.22363,8.94,72.048238
popcount16_tree,1c28b09e8dbaae7d,164.92,,0.67,164.92,7.4245,1.66,206.416,7.3793,2.84,206.416,7.37896,3.37,210.406,7.36886,4.19,210.406,7.35918,5.09,210.406,7.37139,9.58,73.503494
popcount16_tree,1df9aae166035be3,160.93,,0.67,160.93,7.38877,1.65,205.086,7.33477,2.82,205.086,7.33423,3.34,209.076,7.3216,4.13,209.076,7.31253,5.0,209.076,7.3221,9.46,73.011924
popcount16_tree,1eba8d0726c3e1b6,158.802,,0.67,158.802,7.38346,1.61,202.958,7.34012,2.77,202.958,7.33668,3.31,206.948,7.32452,4.13,206.948,7.31969,5.0,206.948,7.32292,9.4,73.022252
popcount16_tree,23589402512f361b,142.576,,0.66,142.576,7.28736,1.63,184.072,7.23223,2.82,184.072,7.2324,3.37,188.062,7.21751,4.18,188.062,7.20457,5.06,188.062,7.22091,9.27,72.021038
popcount16_tree,2670c2dd1bb57456,160.93,,0.66,160.93,7.3827,1.6,205.086,7.33992,2.75,205.086,7.33597,3.27,209.076,7.32386,4.07,209.076,7.31479,4.95,209.076,7.32373,9.18,73.028224
popcount16_tree,2b12ec4a6f1ea741,165.452,,0.67,165.452,7.40661,1.64,206.948,7.3548,2.77,206.948,7.35536,3.32,210.938,7.34214,4.11,210.938,7.3337,5.04,210.938,7.34606,9.24,73.249662
popcount16_tree,2d45f18e56acfde0,150.024,,0.66,150.024,7.42377,1.64,191.52,7.35487,2.82,191.52,7.35673,3.37,195.51,7.34206,4.18,195.51,7.32588,5.03,195.51,7.34647,9.47,73.26919
popcount16_tree,2e83d5595ae3a68a,162.26,,0.65,162.26,7.40662,1.58,203.756,7.35493,2.72,203.756,7.35368,3.26,207.746,7.34282,4.04,207.746,7.33388,5.01,207.746,7.34426,9.36,73.234854
popcount16_tree,306351392f8b7278,150.024,,0.66,150.024,7.42679,1.63,191.52,7.359,2.77,191.52,7.35869,3.31,195.51,7.34544,4.1,195.51,7.3343,4.94,195.51,7.34641,9.32,73.26859
popcount16_tree,32cb520b7643a94c,165.186,,0.66,165.186,7.39269,1.6,209.342,7.35125,2.78,209.342,7.34767,3.29,213.332,7.33528,4.09,213.332,7.3291,4.95,213.332,7.33602,8.88,73.146868
popcount16_tree,38ee648f98b37760,164.92,,0.66,164.92,7.4245,1.63,206.416,7.37947,2.76,206.416,7.37898,3.3,210.406,7.36707,4.13,210.406,7.36309,5.05,210.406,7.36945,9.53,73.484094
popcount16_tree,3a3e8ba56c81e62e,160.93,,0.66,160.93,7.38877,1.6,205.086,7.33214,2.74,205.086,7.33225,3.26,209.076,7.3194,4.05,209.076,7.30302,4.89,209.076,7.3216,9.1,73.006924
popcount16_tree,3c3d09eeb5ad8ef6,150.024,,0.67,150.024,7.42185,1.64,192.318,7.35343,2.81,192.318,7.3553,3.35,196.308,7.34069,4.18,196.308,7.32297,5.05,196.308,7.34675,9.27,73.271192
popcount16_tree,4700d4b8ff4a7a8a,148.96,,0.66,148.96,7.27493,1.6,190.456,7.22029,2.76,190.456,7.22165,3.3,194.446,7.20686,4.09,194.446,7.19573,4.94,194.446,7.21318,9.28,71.937354
popcount16_tree,4754eb30b7092da4,150.024,,0.65,150.024,7.42185,1.58,191.52,7.35767,2.74,191.52,7.35597,3.28,195.51,7.34127,4.04,195.51,7.33155,4.85,195.51,7.34775,8.94,73.28199
popcount16_tree,4b83e30fed191d29,157.472,,0.67,157.472,7.38874,1.64,201.628,7.32864,2.83,201.628,7.32806,3.4,205.618,7.31474,4.22,205.618,7.3098,5.14,205.618,7.31744,9.54,72.968782
popcount16_tree,4bce9269c46fc7ae,150.556,,0.68,150.556,7.40468,1.65,192.052,7.35388,2.77,192.052,7.35457,3.3,196.042,7.34223,4.1,196.042,7.33231,5.02,196.042,7.3463,9.21,73.266958
popcount16_tree,51ae7a0fce7108f4,163.324,,0.67,163.324,7.39179,1.66,207.48,7.35236,2.87,207.48,7.34675,3.42,211.47,7.33479,4.23,211.47,7.33034,5.12,211.47,7.33844,9.85,73.17293
popcount16_tree,55cead7c54f69ff0,130.872,,0.65,130.872,7.30001,1.62,173.166,7.25166,2.79,173.166,7.25162,3.33,177.156,7.23913,4.16,177.156,7.23519,4.99,177.156,7.24389,9.7,72.261744
popcount16_tree,56d53ccea2980c28,150.024,,0.66,150.024,7.43311,1.63,191.52,7.39476,2.76,191.52,7.39268,3.31,195.51,7.37904,4.15,195.51,7.36381,5.15,195.51,7.38049,9.82,73.60939
popcount16_tree,5730ffa94701a6f5,163.59,,0.68,163.59,7.35841,1.64,205.086,7.31078,2.79,205.086,7.31053,3.33,209.076,7.29928,4.13,209.076,7.29635,4.99,209.076,7.30259,9.25,72.816824
popcount16_tree,5772a7cdc6410042,148.96,,0.66,148.96,7.27493,1.63,190.456,7.22029,2.78,190.456,7.22167,3.37,194.446,7.20677,4.16,194.446,7.19508,5.0,194.446,7.21356,9.26,71.941154
popcount16_tree,5ca248d824259116,150.556,,0.64,150.556,7.40168,1.57,192.052,7.35195,2.69,192.052,7.35053,3.23,196.042,7.33895,4.03,196.042,7.33334,4.9,196.042,7.34183,8.63,73.222258
popcount16_tree,6697ba7da5058a7e,136.99,,0.69,136.99,7.29385,1.66,178.486,7.24066,2.84,178.486,7.24069,3.39,182.476,7.22759,4.22,182.476,7.21919,5.05,182.476,7.23225,9.26,72.140024
popcount16_tree,672b7aa65bb9757c,165.452,,0.69,165.452,7.4036,1.66,206.948,7.3509,2.85,206.948,7.34725,3.4,210.938,7.33653,4.23,210.938,7.32543,5.2,210.938,7.33405,10.0,73.129562
popcount16_tree,69cab1d66a9aa31e,150.29,,0.64,150.29,7.274,1.58,191.786,7.22888,2.74,191.786,7.22646,3.3,195.776,7.21757,4.12,195.776,7.211,5.03,195.776,7.21813,9.59,71.985524
popcount16_tree,6e3f43e551cf8abb,165.452,,0.66,165.452,7.40661,1.6,206.948,7.35625,2.73,206.948,7.35444,3.28,210.938,7.34099,4.07,210.938,7.32583,4.97,210.938,7.34444,9.25,73.233462
popcount16_tree,6ed7f2863965bba5,128.212,,0.64,128.212,7.27185,1.58,169.708,7.20734,2.69,169.708,7.20753,3.21,173.698,7.19502,4.01,173.698,7.18927,4.86,173.698,7.20234,8.92,71.849702
popcount16_tree,6eef7083c1832e72,138.852,,0.64,138.852,7.2739,1.58,180.348,7.22856,2.67,180.348,7.22466,3.21,184.338,7.21535,4.01,184.338,7.20828,4.87,184.338,7.21544,8.98,71.970062
popcount16_tree,6f32eb2cb20b3c99,156.94,,0.68,156.94,7.40168,1.62,198.436,7.35126,2.79,198.436,7.35032,3.32,202.426,7.33795,4.11,202.426,7.33286,5.01,202.426,7.33793,9.36,73.176874
popcount16_tree,6fcc5fad20166120,150.024,,0.68,150.024,7.42196,1.62,191.52,7.3653,2.8,191.52,7.36438,3.35,195.51,7.35011,4.14,195.51,7.33655,5.02,195.51,7.35531,9.32,73.35759
popcount16_tree,6ff6393c10c84a74,158.802,,0.69,158.802,7.39024,1.65,202.958,7.34704,2.86,202.958,7.34558,3.4,206.948,7.33177,4.21,206.948,7.32339,5.11,206.948,7.33321,9.7,73.125152
popcount16_tree,7301e7ada0181e7f,156.142,,0.69,156.142,7.38486,1.65,200.298,7.33231,2.8,200.298,7.33194,3.32,204.288,7.31902,4.16,204.288,7.30358,5.02,204.288,7.31535,9.84,72.949212
popcount16_tree,748d1075cec5060f,150.024,,0.66,150.024,7.42185,1.62,191.52,7.35793,2.75,191.52,7.35464,3.3,195.51,7.34208,4.14,195.51,7.32688,5.0,195.51,7.34613,9.36,73.26579
popcount16_tree,749210a9f1bd7e22,157.206,,0.68,157.206,7.39249,1.65,201.362,7.35061,2.82,201.362,7.34851,3.37,205.352,7.33436,4.18,205.352,7.33029,5.09,205.352,7.3331,9.48,73.125648
popcount16_tree,768770f14f5ed154,152.684,,0.66,152.684,7.42185,1.64,194.18,7.36176,2.81,194.18,7.35923,3.36,198.17,7.34621,4.17,198.17,7.33082,5.03,198.17,7.35055,9.37,73.30733
popcount16_tree,7a50bf301247d84e,150.024,,0.67,150.024,7.42185,1.64,191.52,7.35896,2.76,191.52,7.36036,3.3,195.51,7.3459,4.14,195.51,7.33699,4.97,195.51,7.34406,9.21,73.24509
popcount16_tree,7be55192265e2fa4,160.93,,0.69,160.93,7.38877,1.63,205.086,7.32938,2.79,205.086,7.32871,3.33,209.076,7.3161,4.16,209.076,7.3098,5.04,209.076,7.32159,9.35,73.006824
popcount16_tree,7d1446797bf30595,154.28,,0.68,154.28,7.43123,1.63,196.574,7.35083,2.8,196.574,7.35132,3.35,200.564,7.33657,4.15,200.564,7.31894,5.01,200.564,7.34034,9.34,73.202836
popcount16_tree,7e7e0a94b9979908,153.482,,0.68,153.482,7.38486,1.62,197.638,7.33591,2.79,197.638,7.33853,3.33,201.628,7.32386,4.17,201.628,7.31552,5.13,201.628,7.32465,9.58,73.044872
popcount16_tree,7f6a8155b0145953,131.404,,0.63,131.404,7.2695,1.56,173.698,7.21938,2.63,173.698,7.21911,3.16,177.688,7.2071,3.95,177.688,7.2048,4.72,177.688,7.2109,8.76,71.931312
popcount16_tree,7f6cadd5bee70f65,158.802,,0.67,158.802,7.38953,1.63,202.958,7.34955,2.82,202.958,7.34628,3.37,206.948,7.334,4.17,206.948,7.32708,5.06,206.948,7.33536,9.4,73.146652
popcount16_tree,7f8d00c43b06bd12,158.27,,0.65,158.27,7.38373,1.59,202.426,7.33644,2.7,202.426,7.33705,3.25,206.416,7.32206,4.04,206.416,7.31331,4.9,206.416,7.32627,9.34,73.056284
popcount16_tree,81f03391b395f2b2,152.684,,0.66,152.684,7.42679,1.6,194.978,7.36056,2.76,194.978,7.35945,3.29,198.968,7.34601,4.13,198.968,7.33899,5.01,198.968,7.34982,9.38,73.299232
popcount16_tree,864d78b242da6605,150.024,,0.64,150.024,7.42185,1.55,191.52,7.36086,2.66,191.52,7.36152,3.16,195.51,7.34759,3.91,195.51,7.33335,4.7,195.51,7.35028,8.72,73.30729
popcount16_tree,8762c59d7a245441,148.96,,0.65,148.96,7.26935,1.61,190.456,7.21586,2.76,190.456,7.21939,3.3,194.446,7.20408,4.14,194.446,7.19507,5.0,194.446,7.20851,9.43,71.890654
popcount16_tree,893dd6f73917a7e8,159.6,,0.68,159.6,7.38878,1.64,203.756,7.33215,2.86,203.756,7.32861,3.43,207.746,7.31537,4.23,207.746,7.30486,5.15,207.746,7.31709,9.51,72.963154
popcount16_tree,8b5a06e577ea5a3f,163.59,,0.63,163.59,7.38878,1.56,207.746,7.34843,2.71,207.746,7.34373,3.23,211.736,7.33175,3.99,211.736,7.32368,4.83,211.736,7.33414,8.94,73.129664
popcount16_tree,8bc2acde6047c879,165.452,,0.65,165.452,7.40661,1.6,206.948,7.35597,2.75,206.948,7.35668,3.29,210.938,7.34367,4.09,210.938,7.33211,4.98,210.938,7.34854,9.38,73.274462
popcount16_tree,8d3d72376d0f183c,152.684,,0.67,152.684,7.42185,1.63,194.18,7.36274,2.79,194.18,7.36425,3.34,198.17,7.3502,4.18,198.17,7.34079,5.09,198.17,7.35045,9.35,73.30633
popcount16_tree,8e9617f30c254cf1,156.408,,0.66,156.408,7.33836,1.61,200.564,7.28403,2.75,200.564,7.27802,3.27,204.554,7.26483,4.04,204.554,7.25458,4.86,204.554,7.26831,9.0,72.478546
popcount16_tree,8f058729f37913a9,158.802,,0.68,158.802,7.39024,1.65,202.958,7.34711,2.84,202.958,7.34503,3.38,206.948,7.33186,4.24,206.948,7.32417,5.13,206.948,7.33098,9.67,73.102852
popcount16_tree,921e95e55bb44f2f,130.872,,0.63,130.872,7.30001,1.57,173.166,7.25368,2.7,173.166,7.25173,3.21,177.156,7.23909,4.01,177.156,7.22814,4.8,177.156,7.24435,9.04,72.266344
popcount16_tree,939c4b1762f88c30,150.024,,0.67,150.024,7.42196,1.64,191.52,7.36531,2.81,191.52,7.36295,3.34,195.51,7.34912,4.14,195.51,7.33835,5.05,195.51,7.35296,9.4,73.33409
popcount16_tree,949a2badb1d38ded,162.26,,0.67,162.26,7.40662,1.63,203.756,7.35626,2.79,203.756,7.3561,3.34,207.746,7.34402,4.15,207.746,7.33739,5.08,207.746,7.34799,9.49,73.272154
popcount16_tree,962974b489c010a9,150.024,,0.66,150.024,7.42185,1.62,191.52,7.36426,2.79,191.52,7.36395,3.34,195.51,7.34993,4.17,195.51,7.33756,5.06,195.51,7.35387,9.34,73.34319
popcount16_tree,984e690da61eb32d,152.684,,0.66,152.684,7.42377,1.62,194.18,7.36176,2.75,194.18,7.35899,3.29,198.17,7.34695,4.15,198.17,7.33478,5.04,198.17,7.34667,9.4,73.26853
popcount16_tree,9856bc90a2b2e464,134.33,,0.67,134.33,7.26087,1.62,176.624,7.20688,2.75,176.624,7.20435,3.3,180.614,7.19283,4.15,180.614,7.18914,5.05,180.614,7.19731,9.32,71.792486
popcount16_tree,98a50b9a07f28bd7,150.556,,0.66,150.556,7.27689,1.61,192.052,7.23123,2.7,192.052,7.2321,3.22,196.042,7.22061,4.0,196.042,7.21691,4.85,196.042,7.22284,8.67,72.032358
popcount16_tree,99386a7905956537,160.93,,0.66,160.93,7.38411,1.62,205.086,7.33758,2.77,205.086,7.33468,3.33,209.076,7.32242,4.15,209.076,7.31141,5.05,209.076,7.32666,9.55,73.057524
popcount16_tree,a695af69f6e64faf,150.024,,0.66,150.024,7.42185,1.63,191.52,7.3643,2.8,191.52,7.36139,3.34,195.51,7.34903,4.18,195.51,7.33687,5.09,195.51,7.35574,9.34,73.36189
popcount16_tree,a8d466c0f588f352,158.802,,0.66,158.802,7.38953,1.62,202.958,7.33508,2.73,202.958,7.33365,3.24,206.948,7.32119,4.01,206.948,7.31033,4.87,206.948,7.3184,8.95,72.977052
popcount16_tree,b035810dcd3465e6,150.024,,0.63,150.024,7.42185,1.55,191.52,7.36085,2.68,191.52,7.36027,3.21,195.51,7.3465,4.0,195.51,7.33093,4.81,195.51,7.34943,8.85,73.29879
popcount16_tree,b3346191205c60dd,154.546,,0.66,154.546,7.43247,1.63,197.904,7.37179,2.78,197.904,7.36842,3.33,201.894,7.35465,4.15,201.894,7.34885,4.97,201.894,7.3533,9.2,73.331106
popcount16_tree,b7d19323e1bdbb0d,142.842,,0.66,142.842,7.35951,1.58,184.338,7.31263,2.68,184.338,7.31051,3.2,188.328,7.29907,4.0,188.328,7.28885,4.83,188.328,7.30287,8.97,72.840372
popcount16_tree,bca045a2fa79f889,164.92,,0.66,164.92,7.4245,1.62,206.416,7.37712,2.75,206.416,7.37636,3.28,210.406,7.36422,4.08,210.406,7.35976,4.99,210.406,7.36575,9.38,73.447094
popcount16_tree,c08bf0e5b4764737,162.26,,0.67,162.26,7.34769,1.62,206.416,7.30271,2.81,206.416,7.3017,3.35,210.406,7.28704,4.19,210.406,7.28049,5.14,210.406,7.29055,9.48,72.695094
popcount16_tree,c16df5c346612eaa,156.94,,0.66,156.94,7.40168,1.64,198.436,7.35107,2.84,198.436,7.35043,3.38,202.426,7.33718,4.21,202.426,7.33076,5.15,202.426,7.34018,9.67,73.199374
popcount16_tree,c2c0a07f1f426e62,116.242,,0.69,116.242,7.31183,1.67,158.536,7.2611,2.77,158.536,7.26295,3.31,162.526,7.25172,4.11,162.526,7.24266,5.05,162.526,7.25629,9.22,72.400374
popcount16_tree,c658193a2dd943f9,136.99,,0.65,136.99,7.27745,1.59,178.486,7.22425,2.73,178.486,7.22299,3.26,182.476,7.21181,4.06,182.476,7.2083,4.84,182.476,7.21517,8.9,71.969224
popcount16_tree,ca75abeeef193b9d,160.93,,0.65,160.93,7.38877,1.59,205.086,7.33487,2.76,205.086,7.33211,3.28,209.076,7.31924,4.05,209.076,7.30531,4.95,209.076,7.32303,9.27,73.021224
popcount16_tree,caa0b591ddd05a11,150.024,,0.68,150.024,7.42377,1.65,191.52,7.36071,2.83,191.52,7.35752,3.39,195.51,7.34479,4.2,195.51,7.33362,5.09,195.51,7.34453,9.4,73.24979
popcount16_tree,cbaa8f6e0ca6a9a1,146.566,,0.68,146.566,7.27689,1.64,188.062,7.23124,2.77,188.062,7.23109,3.32,192.052,7.22016,4.13,192.052,7.2136,5.06,192.052,7.22224,9.41,72.030348
popcount16_tree,cccb18626279154a,150.556,,0.64,150.556,7.2739,1.59,192.052,7.23087,2.71,192.052,7.22509,3.23,196.042,7.21685,4.02,196.042,7.21142,4.87,196.042,7.21935,8.69,71.997458
popcount16_tree,cd20c0058df7ee89,141.512,,0.64,141.512,7.35001,1.6,183.008,7.3055,2.74,183.008,7.30183,3.27,186.998,7.28915,4.09,186.998,7.2834,4.96,186.998,7.28883,8.84,72.701302
popcount16_tree,cfb2ad8889ca05e7,152.684,,0.66,152.684,7.42196,1.61,194.18,7.3576,2.79,194.18,7.35403,3.32,198.17,7.34147,4.12,198.17,7.32397,5.02,198.17,7.34386,9.33,73.24043
popcount16_tree,cfe77a9f5d8cc385,165.186,,0.64,165.186,7.39269,1.58,209.342,7.35214,2.7,209.342,7.34859,3.23,213.332,7.33711,4.02,213.332,7.32901,4.88,213.332,7.33855,9.07,73.172168
popcount16_tree,d029a684240d7d16,153.482,,0.66,153.482,7.42795,1.61,194.978,7.36014,2.8,194.978,7.35687,3.33,198.968,7.3443,4.19,198.968,7.33162,5.06,198.968,7.35036,9.4,73.304632
popcount16_tree,d2eadfe17a559906,157.206,,0.67,157.206,7.4506,1.64,200.564,7.39905,2.83,200.564,7.39914,3.37,204.554,7.38568,4.19,204.554,7.37432,5.1,204.554,7.3904,9.54,73.699446
popcount16_tree,d572c7c7f3748f8f,158.802,,0.66,158.802,7.38953,1.62,202.958,7.33553,2.76,202.958,7.33492,3.29,206.948,7.32256,4.09,206.948,7.31491,4.98,206.948,7.32198,9.17,73.012852
popcount16_tree,d6613be5e2b6677c,161.462,,0.66,161.462,7.38953,1.6,205.618,7.3482,2.72,205.618,7.34496,3.26,209.608,7.33265,4.08,209.608,7.32074,4.98,209.608,7.33292,9.25,73.119592
popcount16_tree,d69ad87e506692c8,150.024,,0.67,150.024,7.42185,1.63,192.318,7.35338,2.82,192.318,7.35464,3.38,196.308,7.34107,4.18,196.308,7.32824,5.07,196.308,7.34585,9.48,73.262192
popcount16_tree,d97eb0c832032ac3,152.684,,0.67,152.684,7.42185,1.64,194.18,7.36117,2.85,194.18,7.35985,3.41,198.17,7.34689,4.25,198.17,7.33635,5.18,198.17,7.34607,9.5,73.26253
popcount16_tree,daed10e0f9ae423e,160.93,,0.65,160.93,7.3827,1.58,205.086,7.3403,2.7,205.086,7.337,3.22,209.076,7.32507,4.0,209.076,7.31277,4.86,209.076,7.32549,9.17,73.045824
popcount16_tree,dc31b908650f61e5,160.93,,0.68,160.93,7.38877,1.63,205.086,7.33384,2.77,205.086,7.33173,3.29,209.076,7.31935,4.11,209.076,7.31031,5.01,209.076,7.31916,9.29,72.982524
popcount16_tree,dd2fef86d1f10fa8,134.33,,0.66,134.33,7.27212,1.62,175.826,7.21608,2.76,175.826,7.21587,3.3,179.816,7.20317,4.14,179.816,7.19373,4.98,179.816,7.20634,9.21,71.883584
popcount16_tree,e017e775d47c85b2,156.94,,0.65,156.94,7.40168,1.64,198.436,7.35126,2.81,198.436,7.35286,3.36,202.426,7.3392,4.15,202.426,7.33665,5.07,202.426,7.34027,9.08,73.200274
popcount16_tree,e1845c592ddf7f9f,163.058,,0.65,163.058,7.4245,1.58,204.554,7.37817,2.71,204.554,7.37763,3.22,208.544,7.36552,4.0,208.544,7.35823,4.88,208.544,7.3685,9.06,73.476456
popcount16_tree,e4c848c1ac97a5d2,150.024,,0.67,150.024,7.42679,1.63,191.52,7.35946,2.78,191.52,7.3592,3.32,195.51,7.34603,4.16,195.51,7.33562,5.04,195.51,7.34842,9.71,73.28869
popcount16_tree,ebeadbbf98753f71,161.994,,0.64,161.994,7.38875,1.57,206.15,7.34852,2.71,206.15,7.34578,3.25,210.14,7.33371,4.02,210.14,7.32513,4.88,210.14,7.33549,9.06,73.14476
popcount16_tree,ed976e69805d1850,160.93,,0.68,160.93,7.38877,1.62,205.086,7.33333,2.74,205.086,7.33064,3.26,209.076,7.31731,4.03,209.076,7.30376,4.89,209.076,7.31808,9.11,72.971724
popcount16_tree,edfaa07e00810a6b,156.94,,0.65,156.94,7.40168,1.57,198.436,7.3532,2.68,198.436,7.35324,3.19,202.426,7.34243,3.98,202.426,7.33593,4.83,202.426,7.34477,9.01,73.245274
popcount16_tree,eebead0e5fbe0694,154.812,,0.68,154.812,7.29693,1.65,198.968,7.24418,2.8,198.968,7.24698,3.39,202.958,7.23294,4.17,202.958,7.22824,5.05,202.958,7.23537,9.35,72.150742
popcount16_tree,ef1cbacc4f3adebb,152.684,,0.67,152.684,7.42185,1.63,194.18,7.35922,2.8,194.18,7.35591,3.34,198.17,7.3432,4.14,198.17,7.33429,4.99,198.17,7.3456,9.33,73.25783
popcount16_tree,f32f4c81d50eb830,150.024,,0.66,150.024,7.42377,1.61,191.52,7.35504,2.73,191.52,7.35516,3.28,195.51,7.34046,4.12,195.51,7.32844,5.0,195.51,7.34195,9.66,73.22399
popcount16_tree,f386cad92afbce4f,154.546,,0.68,154.546,7.43254,1.64,197.904,7.37536,2.78,197.904,7.37016,3.32,201.894,7.35749,4.17,201.894,7.34868,5.1,201.894,7.36084,9.41,73.406506
popcount16_tree,f6023924e0f91f84,150.024,,0.66,150.024,7.42196,1.62,191.52,7.3653,2.78,191.52,7.36271,3.3,195.51,7.34844,4.1,195.51,7.33659,5.0,195.51,7.35387,9.23,73.34319
popcount16_tree,fcaf51efb3f00299,150.024,,0.67,150.024,7.42377,1.65,191.52,7.3607,2.84,191.52,7.35768,3.4,195.51,7.34532,4.24,195.51,7.33392,5.1,195.51,7.34479,9.61,73.25239
popcount32,000944337ec05c88,198.436,,0.66,198.436,7.09068,1.63,259.882,7.01668,2.8,259.882,7.01631,3.37,264.67,7.0047,4.22,264.67,6.99985,5.1,264.67,7.01514,9.13,69.88673
popcount32,000c2e133ceade25,198.436,,0.68,198.436,7.09149,1.61,259.882,7.0171,2.77,259.882,7.01671,3.32,264.67,7.00552,4.11,264.67,7.00587,4.96,264.67,7.01636,9.28,69.89893
popcount32,001fedcad4108b8c,198.436,,0.67,198.436,7.09149,1.63,259.882,7.02329,2.79,259.882,7.0231,3.36,264.67,7.0115,4.22,264.67,7.00657,5.08,264.67,7.02172,9.42,69.95253
popcount32,0290e095c5c21e2d,198.436,,0.66,198.436,7.09068,1.63,259.882,7.01668,2.78,259.882,7.01631,3.34,264.67,7.0047,4.16,264.67,6.99985,5.07,264.67,7.01514,9.07,69.88673
popcount32,02b8fe373edda507,198.436,,0.67,198.436,7.09068,1.65,259.882,7.01668,2.82,259.882,7.01631,3.39,264.67,7.0047,4.21,264.67,6.99985,5.09,264.67,7.01514,9.08,69.88673
popcount32,0302d7eba88b53a0,198.436,,0.68,198.436,7.09149,1.66,259.882,7.02329,2.82,259.882,7.0231,3.39,264.67,7.0115,4.22,264.67,7.00657,5.1,264.67,7.02172,9.57,69.95253
popcount32,09a88076dbcc777b,198.436,,0.68,198.436,7.09149,1.68,259.882,7.02329,2.87,259.882,7.0231,3.43,264.67,7.0115,4.25,264.67,7.00657,5.16,264.67,7.02172,9.51,69.95253
popcount32,0ad6c50e4fc85fbc,198.436,,0.67,198.436,7.09149,1.64,259.882,7.02329,2.84,259.882,7.0231,3.4,264.67,7.0115,4.25,264.67,7.00657,5.17,264.67,7.02172,9.56,69.95253
popcount32,0b79ac5e1673c1a1,198.436,,0.68,198.436,7.09149,1.64,259.882,7.02329,2.79,259.882,7.0231,3.35,264.67,7.0115,4.19,264.67,7.00657,5.08,264.67,7.02172,9.43,69.95253
popcount32,0c4d31356a4db53a,198.436,,0.67,198.436,7.09068,1.62,259.882,7.01668,2.8,259.882,7.01631,3.36,264.67,7.0047,4.21,264.67,6.99985,5.08,264.67,7.01514,9.03,69.88673
popcount32,0c90977c954206a5,198.436,,0.68,198.436,7.09068,1.65,259.882,7.01668,2.81,259.882,7.01631,3.38,264.67,7.0047,4.23,264.67,6.99985,5.12,264.67,7.01514,9.07,69.88673
popcount32,0ebf799e5b8c5bf2,198.436,,0.67,198.436,7.09149,1.67,259.882,7.02329,2.81,259.882,7.0231,3.37,264.67,7.0115,4.19,264.67,7.00657,5.07,264.67,7.02172,9.38,69.95253
popcount32,0ffe42f4639e831f,198.436,,0.66,198.436,7.09068,1.63,259.882,7.01668,2.79,259.882,7.01631,3.35,264.67,7.0047,4.2,264.67,6.99985,5.08,264.67,7.01514,9.0,69.88673
popcount32,10dd884c34840b2d,198.436,,0.68,198.436,7.09149,1.66,259.882,7.02329,2.82,259.882,7.0231,3.42,264.67,7.0115,4.27,264.67,7.00657,5.17,264.67,7.02172,9.61,69.95253
popcount32,11fd1d36192c36d0,198.436,,0.68,198.436,7.09068,1.67,259.882,7.01668,2.85,259.882,7.01631,3.4,264.67,7.0047,4.24,264.67,6.99985,5.16,264.67,7.01514,9.11,69.88673
popcount32,12d0496d1652c77b,198.436,,0.67,198.436,7.09068,1.62,259.882,7.01668,2.81,259.882,7.01631,3.36,264.67,7.0047,4.21,264.67,6.99985,5.1,264.67,7.01514,9.09,69.88673
popcount32,1867a2f88453505b,198.436,,0.68,198.436,7.09149,1.65,259.882,7.02329,2.83,259.882,7.0231,3.41,264.67,7.0115,4.26,264.67,7.00657,5.16,264.67,7.02172,9.55,69.95253
popcount32,18ae7cb9204bbbb6,198.436,,0.67,198.436,7.09149,1.66,259.882,7.02329,2.82,259.882,7.0231,3.4,264.67,7.0115,4.23,264.67,7.00657,5.1,264.67,7.02172,9.44,69.95253
popcount32,1c54eb597d339007,198.436,,0.68,198.436,7.09149,1.65,259.882,7.02329,2.82,259.882,7.0231,3.39,264.67,7.0115,4.24,264.67,7.00657,5.09,264.67,7.02172,9.41,69.95253
popcount32,21cc4a4baa7ab74c,198.436,,0.68,198.436,7.09149,1.66,259.882,7.02329,2.85,259.882,7.0231,3.42,264.67,7.0115,4.26,264.67,7.00657,5.14,264.67,7.02172,9.53,69.95253
popcount32,2277c4c9a08262a3,198.436,,0.69,198.436,7.09149,1.66,259.882,7.02329,2.83,259.882,7.0231,3.39,264.67,7.0115,4.25,264.67,7.00657,5.14,264.67,7.02172,9.45,69.95253
popcount32,22a95dcd49cb5e94,198.436,,0.66,198.436,7.09149,1.63,259.882,7.02329,2.78,259.882,7.0231,3.37,264.67,7.0115,4.2,264.67,7.00657,5.06,264.67,7.02172,9.43,69.95253
popcount32,23e55a9bb65e0d01,198.436,,0.67,198.436,7.09149,1.65,259.882,7.02329,2.83,259.882,7.0231,3.4,264.67,7.0115,4.25,264.67,7.00657,5.13,264.67,7.02172,9.47,69.95253
popcount32,2661c6a73ca4a980,198.436,,0.69,198.436,7.09149,1.67,259.882,7.02329,2.84,259.882,7.0231,3.4,264.67,7.0115,4.22,264.67,7.00657,5.12,264.67,7.02172,9.5,69.95253
popcount32,26b3c46baad129db,198.436,,0.68,198.436,7.09149,1.64,259.882,7.02329,2.82,259.882,7.0231,3.4,264.67,7.0115,4.22,264.67,7.00657,5.12,264.67,7.02172,9.53,69.95253
popcount32,2d97db6ed4b0f548,198.436,,0.68,198.436,7.09149,1.65,259.882,7.02329,2.82,259.882,7.0231,3.4,264.67,7.0115,4.23,264.67,7.00657,5.14,264.67,7.02172,9.5,69.95253
popcount32,2e671a72cc3dccc5,198.436,,0.69,198.436,7.09149,1.66,259.882,7.02329,2.87,259.882,7.0231,3.44,264.67,7.0115,4.29,264.67,7.00657,5.14,264.67,7.02172,9.52,69.95253
popcount32,329391ba259d7b34,198.436,,0.68,198.436,7.09068,1.65,259.882,7.01668,2.84,259.882,7.01631,3.4,264.67,7.0047,4.22,264.67,6.99985,5.1,264.67,7.01514,9.06,69.88673
popcount32,33c68e363e1dbb82,198.436,,0.69,198.436,7.09149,1.66,259.882,7.02329,2.83,259.882,7.0231,3.4,264.67,7.0115,4.24,264.67,7.00657,5.13,264.67,7.02172,9.54,69.95253
popcount32,33fac3792a2f1d72,198.436,,0.69,198.436,7.09149,1.64,259.882,7.02329,2.82,259.882,7.0231,3.38,264.67,7.0115,4.23,264.67,7.00657,5.12,264.67,7.02172,9.48,69.95253
popcount32,377b1106f6e7c54c,198.436,,0.68,198.436,7.09149,1.64,259.882,7.02329,2.83,259.882,7.0231,3.4,264.67,7.0115,4.22,264.67,7.00657,5.1,264.67,7.02172,9.45,69.95253
popcount32,38a98a5fb57d170d,198.436,,0.68,198.436,7.09149,1.65,259.882,7.02329,2.82,259.882,7.0231,3.4,264.67,7.0115,4.26,264.67,7.00657,5.13,264.67,7.02172,9.48,69.95253
popcount32,38dbb90ee6c705c2,198.436,,0.69,198.436,7.09149,1.67,259.882,7.02329,2.81,259.882,7.0231,3.36,264.67,7.0115,4.19,264.67,7.00657,5.08,264.67,7.02172,9.45,69.95253
popcount32,3902c31c2c683d5d,198.436,,0.68,198.436,7.09149,1.65,259.882,7.02329,2.83,259.882,7.0231,3.4,264.67,7.0115,4.26,264.67,7.00657,5.13,264.67,7.02172,9.51,69.95253
popcount32,3a4050ba9ae620f3,198.436,,0.67,198.436,7.09068,1.63,259.882,7.01668,2.79,259.882,7.01631,3.35,264.67,7.0047,4.18,264.67,6.99985,5.1,264.67,7.01514,9.04,69.88673
popcount32,3b8bb1652009a92f,198.436,,0.68,198.436,7.09149,1.64,259.882,7.02329,2.83,259.882,7.0231,3.4,264.67,7.0115,4.23,264.67,7.00657,5.08,264.67,7.02172,9.4,69.95253
popcount32,3bdff3a16265c2c6,198.436,,0.67,198.436,7.09068,1.66,259.882,7.01668,2.82,259.882,7.01631,3.38,264.67,7.0047,4.2,264.67,6.99985,5.09,264.67,7.01514,9.05,69.88673
popcount32,3dd18ff5ad412553,198.436,,0.67,198.436,7.09068,1.66,259.882,7.01668,2.85,259.882,7.01631,3.43,264.67,7.0047,4.28,264.67,6.99985,5.22,264.67,7.01514,9.29,69.88673
popcount32,3fcc554429cee239,198.436,,0.66,198.436,7.09068,1.61,259.882,7.01668,2.77,259.882,7.01631,3.32,264.67,7.0047,4.14,264.67,6.99985,5.03,264.67,7.01514,8.9,69.88673
popcount32,40e99383810394c6,198.436,,0.68,198.436,7.09149,1.65,259.882,7.02329,2.86,259.882,7.0231,3.42,264.67,7.0115,4.28,264.67,7.00657,5.22,264.67,7.02172,9.59,69.95253
popcount32,439c16a0bbb0794a,198.436,,0.68,198.436,7.09149,1.68,259.882,7.02329,2.85,259.882,7.0231,3.42,264.67,7.0115,4.27,264.67,7.00657,5.14,264.67,7.02172,9.51,69.95253
popcount32,459e0bf26a29aa59,198.436,,0.67,198.436,7.09068,1.64,259.882,7.01668,2.83,259.882,7.01631,3.39,264.67,7.0047,4.23,264.67,6.99985,5.18,264.67,7.01514,9.2,69.88673
popcount32,495a11018281985d,198.436,,0.68,198.436,7.09068,1.66,259.882,7.01668,2.84,259.882,7.01631,3.4,264.67,7.0047,4.23,264.67,6.99985,5.09,264.67,7.01514,9.05,69.88673
popcount32,4a18e06ecd2ca846,198.436,,0.67,198.436,7.09068,1.65,259.882,7.01668,2.81,259.882,7.01631,3.38,264.67,7.0047,4.23,264.67,6.99985,5.13,264.67,7.01514,9.13,69.88673
popcount32,4b34c35432e87969,198.436,,0.68,198.436,7.09149,1.67,259.882,7.02329,2.83,259.882,7.0231,3.4,264.67,7.0115,4.22,264.67,7.00657,5.08,264.67,7.02172,9.45,69.95253
popcount32,4b6859d37567c803,198.436,,0.67,198.436,7.09149,1.64,259.882,7.02329,2.82,259.882,7.0231,3.4,264.67,7.0115,4.23,264.67,7.00657,5.1,264.67,7.02172,9.47,69.95253
popcount32,4e6ccadf6c1dc1db,198.436,,0.64,198.436,7.09068,1.57,259.882,7.01668,2.72,259.882,7.01631,3.28,264.67,7.0047,4.07,264.67,6.99985,4.91,264.67,7.01514,8.91,69.88673
popcount32,4f30ef758c0f95e3,198.436,,0.66,198.436,7.09149,1.64,259.882,7.02329,2.8,259.882,7.0231,3.36,264.67,7.0115,4.18,264.67,7.00657,5.06,264.67,7.02172,9.49,69.95253
popcount32,4ff45f6f7374e294,198.436,,0.69,198.436,7.09149,1.67,259.882,7.02329,2.87,259.882,7.0231,3.43,264.67,7.0115,4.26,264.67,7.00657,5.14,264.67,7.02172,9.51,69.95253
popcount32,533e040f52bbe556,198.436,,0.67,198.436,7.09149,1.66,259.882,7.02329,2.85,259.882,7.0231,3.41,264.67,7.0115,4.24,264.67,7.00657,5.1,264.67,7.02172,9.47,69.95253
popcount32,543cb502438f2dd1,198.436,,0.67,198.436,7.09149,1.66,259.882,7.02329,2.82,259.882,7.0231,3.39,264.67,7.0115,4.26,264.67,7.00657,5.1,264.67,7.02172,9.57,69.95253
popcount32,54f3b374af019856,198.436,,0.67,198.436,7.09068,1.68,259.882,7.01668,2.87,259.882,7.01631,3.44,264.67,7.0047,4.28,264.67,6.99985,5.16,264.67,7.01514,9.12,69.88673
popcount32,562110c84a4c0f36,198.436,,0.67,198.436,7.09149,1.62,259.882,7.02329,2.77,259.882,7.0231,3.33,264.67,7.0115,4.14,264.67,7.00657,5.0,264.67,7.02172,9.25,69.95253
popcount32,56c3df8258540951,198.436,,0.67,198.436,7.09068,1.65,259.882,7.01668,2.82,259.882,7.01631,3.39,264.67,7.0047,4.21,264.67,6.99985,5.09,264.67,7.01514,9.03,69.88673
popcount32,58ab8f0d78fb6ed4,198.436,,0.67,198.436,7.09149,1.64,259.882,7.02329,2.82,259.882,7.0231,3.39,264.67,7.0115,4.23,264.67,7.00657,5.11,264.67,7.02172,9.49,69.95253
popcount32,59b03ee801701bf6,198.436,,0.68,198.436,7.09149,1.65,259.882,7.02329,2.84,259.882,7.0231,3.41,264.67,7.0115,4.23,264.67,7.00657,5.13,264.67,7.02172,9.51,69.95253
popcount32,5e5c24febbd5f2ae,198.436,,0.67,198.436,7.09149,1.63,259.882,7.02329,2.79,259.882,7.0231,3.35,264.67,7.0115,4.17,264.67,7.00657,5.05,264.67,7.02172,9.41,69.95253
popcount32,6028d13e5d2c558b,198.436,,0.67,198.436,7.09068,1.65,259.882,7.01668,2.83,259.882,7.01631,3.39,264.67,7.0047,4.23,264.67,6.99985,5.12,264.67,7.01514,9.16,69.88673
popcount32,614f9576c68b5102,198.436,,0.67,198.436,7.09149,1.64,259.882,7.02329,2.81,259.882,7.0231,3.39,264.67,7.0115,4.26,264.67,7.00657,5.16,264.67,7.02172,9.55,69.95253
popcount32,61662e9933a15d77,198.436,,0.67,198.436,7.09149,1.65,259.882,7.02329,2.8,259.882,7.0231,3.37,264.67,7.0115,4.2,264.67,7.00657,5.07,264.67,7.02172,9.45,69.95253
popcount32,66d8908a178e9884,198.436,,0.68,198.436,7.09068,1.65,259.882,7.01668,2.78,259.882,7.01631,3.35,264.67,7.0047,4.18,264.67,6.99985,5.06,264.67,7.01514,9.04,69.88673
popcount32,69b0c8e8f47459f5,198.436,,0.69,198.436,7.09149,1.66,259.882,7.02329,2.84,259.882,7.0231,3.4,264.67,7.0115,4.25,264.67,7.00657,5.12,264.67,7.02172,9.49,69.95253
popcount32,69db669e3775df08,198.436,,0.67,198.436,7.09149,1.63,259.882,7.02329,2.78,259.882,7.0231,3.36,264.67,7.0115,4.18,264.67,7.00657,5.06,264.67,7.02172,9.39,69.95253
popcount32,6a9e76a05d4aabe1,198.436,,0.68,198.436,7.09149,1.67,259.882,7.02329,2.84,259.882,7.0231,3.43,264.67,7.0115,4.25,264.67,7.00657,5.11,264.67,7.02172,9.42,69.95253
popcount32,6d3b2913c8659eac,198.436,,0.69,198.436,7.09149,1.68,259.882,7.02329,2.9,259.882,7.0231,3.46,264.67,7.0115,4.31,264.67,7.00657,5.2,264.67,7.02172,9.57,69.95253
popcount32,6f43423072f54739,198.436,,0.67,198.436,7.09149,1.65,259.882,7.02329,2.84,259.882,7.0231,3.4,264.67,7.0115,4.24,264.67,7.00657,5.12,264.67,7.02172,9.57,69.95253
popcount32,6fb6554113269584,198.436,,0.68,198.436,7.09149,1.66,259.882,7.02329,2.84,259.882,7.0231,3.4,264.67,7.0115,4.25,264.67,7.00657,5.13,264.67,7.02172,9.45,69.95253
popcount32,725fe5251b85da41,198.436,,0.69,198.436,7.09149,1.66,259.882,7.02329,2.85,259.882,7.0231,3.41,264.67,7.0115,4.23,264.67,7.00657,5.11,264.67,7.02172,9.51,69.95253
popcount32,744bf7b7f027a48f,198.436,,0.68,198.436,7.09068,1.66,259.882,7.01668,2.86,259.882,7.01631,3.44,264.67,7.0047,4.29,264.67,6.99985,5.17,264.67,7.01514,9.24,69.88673
popcount32,7674a2fc38804ac4,198.436,,0.66,198.436,7.09149,1.61,259.882,7.02329,2.76,259.882,7.0231,3.33,264.67,7.0115,4.16,264.67,7.00657,5.04,264.67,7.02172,9.43,69.95253
popcount32,779b8f42b4179de2,198.436,,0.68,198.436,7.09149,1.65,259.882,7.02329,2.81,259.882,7.0231,3.38,264.67,7.0115,4.2,264.67,7.00657,5.1,264.67,7.02172,9.45,69.95253
popcount32,79318714987449cc,198.436,,0.65,198.436,7.09149,1.63,259.882,7.02329,2.8,259.882,7.0231,3.36,264.67,7.0115,4.2,264.67,7.00657,5.06,264.67,7.02172,9.39,69.95253
popcount32,7ad35c7b5e3d3e2b,198.436,,0.68,198.436,7.09149,1.64,259.882,7.02329,2.77,259.882,7.0231,3.33,264.67,7.0115,4.15,264.67,7.00657,5.04,264.67,7.02172,9.43,69.95253
popcount32,7b7fccd81a69dbc2,198.436,,0.67,198.436,7.09149,1.63,259.882,7.02329,2.79,259.882,7.0231,3.37,264.67,7.0115,4.2,264.67,7.00657,5.12,264.67,7.02172,9.47,69.95253
popcount32,7da77b3b9d9120c3,198.436,,0.65,198.436,7.09149,1.61,259.882,7.02329,2.78,259.882,7.0231,3.33,264.67,7.0115,4.19,264.67,7.00657,5.08,264.67,7.02172,9.47,69.95253
popcount32,7e7eb59de6fb98df,198.436,,0.68,198.436,7.09149,1.67,259.882,7.02329,2.85,259.882,7.0231,3.44,264.67,7.0115,4.3,264.67,7.00657,5.2,264.67,7.02172,9.52,69.95253
popcount32,7fa3db976d427ad5,198.436,,0.67,198.436,7.09068,1.64,259.882,7.01668,2.8,259.882,7.01631,3.38,264.67,7.0047,4.2,264.67,6.99985,5.08,264.67,7.01514,9.1,69.88673
popcount32,82607c82fb4ab777,198.436,,0.71,198.436,7.09149,1.67,259.882,7.02329,2.84,259.882,7.0231,3.4,264.67,7.0115,4.25,264.67,7.00657,5.12,264.67,7.02172,9.47,69.95253
popcount32,8437faa230b11a59,198.436,,0.68,198.436,7.09068,1.65,259.882,7.01668,2.84,259.882,7.01631,3.41,264.67,7.0047,4.24,264.67,6.99985,5.11,264.67,7.01514,9.11,69.88673
popcount32,8540f7c4867147ab,198.436,,0.68,198.436,7.09149,1.65,259.882,7.02329,2.82,259.882,7.0231,3.38,264.67,7.0115,4.2,264.67,7.00657,5.12,264.67,7.02172,9.42,69.95253
popcount32,85dd206fd4cf06d3,198.436,,0.67,198.436,7.09149,1.65,259.882,7.02329,2.82,259.882,7.0231,3.38,264.67,7.0115,4.23,264.67,7.00657,5.1,264.67,7.02172,9.49,69.95253
popcount32,8691dd1642cd6a11,198.436,,0.68,198.436,7.09149,1.64,259.882,7.02329,2.8,259.882,7.0231,3.36,264.67,7.0115,4.21,264.67,7.00657,5.12,264.67,7.02172,9.4,69.95253
popcount32,880f6960966e6f1e,198.436,,0.67,198.436,7.09068,1.63,259.882,7.01668,2.83,259.882,7.01631,3.39,264.67,7.0047,4.25,264.67,6.99985,5.12,264.67,7.01514,9.06,69.88673
popcount32,8c2246b91061c699,198.436,,0.66,198.436,7.09068,1.62,259.882,7.01668,2.76,259.882,7.01631,3.31,264.67,7.0047,4.12,264.67,6.99985,4.99,264.67,7.01514,8.91,69.88673
popcount32,8ec1d6c3de4cd6c0,198.436,,0.66,198.436,7.09149,1.65,259.882,7.02329,2.84,259.882,7.0231,3.41,264.67,7.0115,4.26,264.67,7.00657,5.13,264.67,7.02172,9.53,69.95253
popcount32,9484c0e3c5bcc815,198.436,,0.67,198.436,7.09068,1.63,259.882,7.01668,2.78,259.882,7.01631,3.34,264.67,7.0047,4.15,264.67,6.99985,5.0,264.67,7.01514,8.85,69.88673
popcount32,97e61ae3b8ab8ac0,198.436,,0.69,198.436,7.09149,1.66,259.882,7.02329,2.83,259.882,7.0231,3.4,264.67,7.0115,4.23,264.67,7.00657,5.13,264.67,7.02172,9.49,69.95253
popcount32,99e072e6d45f1cc4,198.436,,0.67,198.436,7.09149,1.64,259.882,7.02329,2.84,259.882,7.0231,3.41,264.67,7.0115,4.28,264.67,7.00657,5.15,264.67,7.02172,9.52,69.95253
popcount32,9ae6a0a92c3d7ca1,198.436,,0.67,198.436,7.09068,1.67,259.882,7.01668,2.87,259.882,7.01631,3.44,264.67,7.0047,4.28,264.67,6.99985,5.22,264.67,7.01514,9.19,69.88673
popcount32,9cc1b7602293f03b,198.436,,0.67,198.436,7.09149,1.65,259.882,7.02329,2.82,259.882,7.0231,3.39,264.67,7.0115,4.21,264.67,7.00657,5.06,264.67,7.02172,9.48,69.95253
popcount32,9e460a116edd4c30,198.436,,0.69,198.436,7.09149,1.67,259.882,7.02329,2.81,259.882,7.0231,3.36,264.67,7.0115,4.19,264.67,7.00657,5.09,264.67,7.02172,9.49,69.95253
popcount32,9facfa963ac67dc6,198.436,,0.67,198.436,7.09149,1.66,259.882,7.02329,2.81,259.882,7.0231,3.37,264.67,7.0115,4.23,264.67,7.00657,5.1,264.67,7.02172,9.46,69.95253
popcount32,a0de25d2ee1073c9,198.436,,0.68,198.436,7.09068,1.66,259.882,7.01668,2.84,259.882,7.01631,3.4,264.67,7.0047,4.23,264.67,6.99985,5.15,264.67,7.01514,9.06,69.88673
popcount32,a14d85a5fe863bf4,198.436,,0.68,198.436,7.09149,1.67,259.882,7.02329,2.82,259.882,7.0231,3.39,264.67,7.0115,4.25,264.67,7.00657,5.19,264.67,7.02172,9.51,69.95253
popcount32,a39394ff3002759f,198.436,,0.68,198.436,7.09149,1.67,259.882,7.02329,2.86,259.882,7.0231,3.43,264.67,7.0115,4.27,264.67,7.00657,5.16,264.67,7.02172,9.54,69.95253
popcount32,b0291bf64b173e99,198.436,,0.66,198.436,7.09068,1.63,259.882,7.01668,2.77,259.882,7.01631,3.3,264.67,7.0047,4.08,264.67,6.99985,4.92,264.67,7.01514,8.82,69.88673
popcount32,b71911923f7307c5,198.436,,0.67,198.436,7.09149,1.64,259.882,7.02329,2.82,259.882,7.0231,3.38,264.67,7.0115,4.2,264.67,7.00657,5.1,264.67,7.02172,9.49,69.95253
popcount32,bb6a7479053d1936,198.436,,0.67,198.436,7.09149,1.66,259.882,7.02329,2.84,259.882,7.0231,3.4,264.67,7.0115,4.23,264.67,7.00657,5.17,264.67,7.02172,9.56,69.95253
popcount32,bb89e93b47698427,198.436,,0.66,198.436,7.09149,1.62,259.882,7.02329,2.8,259.882,7.0231,3.37,264.67,7.0115,4.22,264.67,7.00657,5.09,264.67,7.02172,9.43,69.95253
popcount32,be5a2eb873887c18,198.436,,0.71,198.436,7.09068,1.68,259.882,7.01668,2.86,259.882,7.01631,3.42,264.67,7.0047,4.27,264.67,6.99985,5.18,264.67,7.01514,9.15,69.88673
popcount32,bf7289d48d1bd5fc,198.436,,0.66,198.436,7.09149,1.63,259.882,7.02329,2.83,259.882,7.0231,3.4,264.67,7.0115,4.25,264.67,7.00657,5.17,264.67,7.02172,9.52,69.95253
popcount32,c2eaee7789ebc294,198.436,,0.69,198.436,7.09149,1.67,259.882,7.02329,2.84,259.882,7.0231,3.41,264.67,7.0115,4.22,264.67,7.00657,5.1,264.67,7.02172,9.56,69.95253
popcount32,c4f3f4931733fe8f,198.436,,0.67,198.436,7.09068,1.65,259.882,7.01668,2.82,259.882,7.01631,3.38,264.67,7.0047,4.2,264.67,6.99985,5.08,264.67,7.01514,9.2,69.88673
popcount32,c5cb6fad6cfc50cc,198.436,,0.66,198.436,7.09149,1.67,259.882,7.02329,2.84,259.882,7.0231,3.41,264.67,7.0115,4.23,264.67,7.00657,5.13,264.67,7.02172,9.49,69.95253
popcount32,c7dacca4931fe6ff,198.436,,0.68,198.436,7.09149,1.65,259.882,7.02329,2.81,259.882,7.0231,3.37,264.67,7.0115,4.22,264.67,7.00657,5.11,264.67,7.02172,9.44,69.95253
popcount32,c7fff09cd2bbec8e,198.436,,0.67,198.436,7.09068,1.67,259.882,7.01668,2.8,259.882,7.01631,3.36,264.67,7.0047,4.18,264.67,6.99985,5.06,264.67,7.01514,9.01,69.88673
popcount32,ca2ef85a8c9e1a1f,198.436,,0.67,198.436,7.09149,1.64,259.882,7.02329,2.83,259.882,7.0231,3.39,264.67,7.0115,4.24,264.67,7.00657,5.12,264.67,7.02172,9.46,69.95253
popcount32,caababefb00c36d0,198.436,,0.67,198.436,7.09149,1.62,259.882,7.02329,2.78,259.882,7.0231,3.34,264.67,7.0115,4.17,264.67,7.00657,5.05,264.67,7.02172,9.44,69.95253
popcount32,cadc22c0797aa70b,198.436,,0.66,198.436,7.09068,1.65,259.882,7.01668,2.86,259.882,7.01631,3.43,264.67,7.0047,4.26,264.67,6.99985,5.18,264.67,7.01514,9.25,69.88673
popcount32,cc6000e73b06bb15,198.436,,0.67,198.436,7.09149,1.63,259.882,7.02329,2.8,259.882,7.0231,3.36,264.67,7.0115,4.22,264.67,7.00657,5.11,264.67,7.02172,9.49,69.95253
popcount32,cfb723d1e48ab410,198.436,,0.66,198.436,7.09149,1.63,259.882,7.02329,2.81,259.882,7.0231,3.37,264.67,7.0115,4.2,264.67,7.00657,5.09,264.67,7.02172,9.47,69.95253
popcount32,d11d9ca4c4e539a9,198.436,,0.65,198.436,7.09068,1.61,259.882,7.01668,2.76,259.882,7.01631,3.29,264.67,7.0047,4.11,264.67,6.99985,4.96,264.67,7.01514,8.86,69.88673
popcount32,d18efc44871f4d4a,198.436,,0.67,198.436,7.09149,1.62,259.882,7.02329,2.78,259.882,7.0231,3.35,264.67,7.0115,4.19,264.67,7.00657,5.06,264.67,7.02172,9.42,69.95253
popcount32,d3229a46b143b1a0,198.436,,0.68,198.436,7.09068,1.62,259.882,7.01668,2.83,259.882,7.01631,3.41,264.67,7.0047,4.23,264.67,6.99985,5.1,264.67,7.01514,9.11,69.88673
popcount32,d4448a92e37e040d,198.436,,0.67,198.436,7.09149,1.63,259.882,7.02329,2.85,259.882,7.0231,3.41,264.67,7.0115,4.25,264.67,7.00657,5.1,264.67,7.02172,9.42,69.95253
popcount32,d922453490221f0e,198.436,,0.7,198.436,7.09068,1.69,259.882,7.01668,2.87,259.882,7.01631,3.43,264.67,7.0047,4.25,264.67,6.99985,5.12,264.67,7.01514,9.09,69.88673
popcount32,dcf9b82ded252cec,198.436,,0.68,198.436,7.09068,1.65,259.882,7.01668,2.8,259.882,7.01631,3.37,264.67,7.0047,4.19,264.67,6.99985,5.18,264.67,7.01514,9.11,69.88673
popcount32,dd3d875259c98c76,198.436,,0.66,198.436,7.09068,1.62,259.882,7.01668,2.79,259.882,7.01631,3.37,264.67,7.0047,4.24,264.67,6.99985,5.13,264.67,7.01514,9.11,69.88673
popcount32,de665d0d85c92086,198.436,,0.66,198.436,7.09149,1.64,259.882,7.02329,2.82,259.882,7.0231,3.37,264.67,7.0115,4.22,264.67,7.00657,5.13,264.67,7.02172,9.45,69.95253
popcount32,e179977b9834d1e4,198.436,,0.69,198.436,7.09149,1.65,259.882,7.02329,2.85,259.882,7.0231,3.42,264.67,7.0115,4.24,264.67,7.00657,5.13,264.67,7.02172,9.43,69.95253
popcount32,e22e30de730dc566,198.436,,0.66,198.436,7.09068,1.64,259.882,7.01668,2.85,259.882,7.01631,3.41,264.67,7.0047,4.24,264.67,6.99985,5.08,264.67,7.01514,9.06,69.88673
popcount32,e2bcd3c36b51465e,198.436,,0.66,198.436,7.09068,1.62,259.882,7.01668,2.8,259.882,7.01631,3.36,264.67,7.0047,4.2,264.67,6.99985,5.1,264.67,7.01514,9.03,69.88673
popcount32,e5439e6a6b47289d,198.436,,0.67,198.436,7.09149,1.63,259.882,7.02329,2.79,259.882,7.0231,3.37,264.67,7.0115,4.2,264.67,7.00657,5.09,264.67,7.02172,9.48,69.95253
popcount32,e845b2dcdf8beed5,198.436,,0.67,198.436,7.09149,1.64,259.882,7.02329,2.81,259.882,7.0231,3.39,264.67,7.0115,4.23,264.67,7.00657,5.11,264.67,7.02172,9.48,69.95253
popcount32,e90b7342eb2cbaa5,198.436,,0.67,198.436,7.09068,1.64,259.882,7.01668,2.82,259.882,7.01631,3.39,264.67,7.0047,4.22,264.67,6.99985,5.13,264.67,7.01514,9.14,69.88673
popcount32,ea0e87d48af72e79,198.436,,0.69,198.436,7.09068,1.66,259.882,7.01668,2.82,259.882,7.01631,3.38,264.67,7.0047,4.22,264.67,6.99985,5.09,264.67,7.01514,9.07,69.88673
popcount32,ed9c171ca5f49c8f,198.436,,0.66,198.436,7.09149,1.62,259.882,7.02329,2.77,259.882,7.0231,3.34,264.67,7.0115,4.17,264.67,7.00657,5.09,264.67,7.02172,9.37,69.95253
popcount32,ee9129149ba7de6e,198.436,,0.66,198.436,7.09068,1.63,259.882,7.01668,2.8,259.882,7.01631,3.37,264.67,7.0047,4.21,264.67,6.99985,5.1,264.67,7.01514,9.16,69.88673
popcount32,f0b0c90b07acc2cf,198.436,,0.69,198.436,7.09068,1.67,259.882,7.01668,2.85,259.882,7.01631,3.4,264.67,7.0047,4.22,264.67,6.99985,5.07,264.67,7.01514,9.07,69.88673
popcount32,f0e740f7dbf4f7d1,198.436,,0.69,198.436,7.09068,1.66,259.882,7.01668,2.86,259.882,7.01631,3.42,264.67,7.0047,4.25,264.67,6.99985,5.12,264.67,7.01514,9.13,69.88673
popcount32,f115c29ec40656ba,198.436,,0.67,198.436,7.09149,1.66,259.882,7.02329,2.85,259.882,7.0231,3.42,264.67,7.0115,4.25,264.67,7.00657,5.15,264.67,7.02172,9.58,69.95253
popcount32,f19abc842e708fc1,198.436,,0.69,198.436,7.09149,1.66,259.882,7.02329,2.84,259.882,7.0231,3.41,264.67,7.0115,4.26,264.67,7.00657,5.12,264.67,7.02172,9.55,69.95253
popcount32,f5103d4f45410480,198.436,,0.68,198.436,7.09149,1.69,259.882,7.02329,2.88,259.882,7.0231,3.45,264.67,7.0115,4.28,264.67,7.00657,5.16,264.67,7.02172,9.49,69.95253
popcount32,f70189ce0c0aa5d3,198.436,,0.68,198.436,7.09149,1.64,259.882,7.02329,2.81,259.882,7.0231,3.39,264.67,7.0115,4.21,264.67,7.00657,5.07,264.67,7.02172,9.46,69.95253
popcount32,f75c96d8da1e798e,198.436,,0.67,198.436,7.09149,1.64,259.882,7.02329,2.8,259.882,7.0231,3.36,264.67,7.0115,4.2,264.67,7.00657,5.08,264.67,7.02172,9.5,69.95253
popcount32,f8886eb78500a15c,198.436,,0.67,198.436,7.09149,1.64,259.882,7.02329,2.79,259.882,7.0231,3.36,264.67,7.0115,4.2,264.67,7.00657,5.06,264.67,7.02172,9.48,69.95253
popcount32,f8d9ab79059d07dd,198.436,,0.67,198.436,7.09068,1.63,259.882,7.01668,2.81,259.882,7.01631,3.38,264.67,7.0047,4.24,264.67,6.99985,5.1,264.67,7.01514,9.05,69.88673
popcount32,fac326f09bd243dc,198.436,,0.66,198.436,7.09068,1.63,259.882,7.01668,2.8,259.882,7.01631,3.36,264.67,7.0047,4.18,264.67,6.99985,5.06,264.67,7.01514,9.14,69.88673
popcount32,fc663b4b312d0f78,198.436,,0.7,198.436,7.09149,1.68,259.882,7.02329,2.85,259.882,7.0231,3.42,264.67,7.0115,4.26,264.67,7.00657,5.2,264.67,7.02172,9.58,69.95253
popcount32,fcf41ac4caa3ec6d,198.436,,0.67,198.436,7.09068,1.65,259.882,7.01668,2.84,259.882,7.01631,3.39,264.67,7.0047,4.22,264.67,6.99985,5.11,264.67,7.01514,9.0,69.88673
popcount32,fe3a8a881f21f5b6,198.436,,0.68,198.436,7.09068,1.67,259.882,7.01668,2.87,259.882,7.01631,3.44,264.67,7.0047,4.26,264.67,6.99985,5.14,264.67,7.01514,9.22,69.88673
popcount32,fe902923293c62a2,198.436,,0.68,198.436,7.09149,1.68,259.882,7.02329,2.85,259.882,7.0231,3.41,264.67,7.0115,4.25,264.67,7.00657,5.14,264.67,7.02172,9.47,69.95253
popcount32_tree,00e5f0af8efde20c,288.344,,0.66,288.344,7.21842,1.56,352.716,7.14971,2.67,352.716,7.14575,3.24,357.504,7.13335,4.01,357.504,7.1213,4.87,357.504,7.13781,8.97,71.020596
popcount32_tree,026ef9943223f700,276.108,,0.69,276.108,7.07258,1.65,338.618,6.98756,2.83,338.618,6.98623,3.42,343.406,6.97428,4.26,343.406,6.95889,5.19,343.406,6.98352,9.56,69.491794
popcount32_tree,04488b286da2c82b,308.826,,0.72,308.826,7.23086,1.67,373.198,7.16336,2.83,373.198,7.15961,3.41,377.986,7.14771,4.21,377.986,7.1311,5.15,377.986,7.14661,9.43,71.088114
popcount32_tree,051e75f4263ea5e3,314.412,,0.71,314.412,7.25176,1.66,378.784,7.18649,2.84,378.784,7.18467,3.43,383.572,7.17329,4.24,383.572,7.1601,5.18,383.572,7.17936,9.65,71.410028
popcount32_tree,059b7680b2496ea4,314.412,,0.7,314.412,7.25176,1.66,378.784,7.18716,2.84,378.784,7.18596,3.42,383.572,7.17471,4.23,383.572,7.15826,5.15,383.572,7.173,9.51,71.346428
popcount32_tree,06941d065e45d4d4,308.826,,0.7,308.826,7.22894,1.65,373.198,7.1641,2.83,373.198,7.16201,3.38,377.986,7.14956,4.21,377.986,7.13271,5.12,377.986,7.15139,9.67,71.135914
popcount32_tree,07bded48f7f6e20f,314.412,,0.69,314.412,7.25176,1.62,378.784,7.18786,2.8,378.784,7.18602,3.36,383.572,7.17504,4.17,383.572,7.1585,5.07,383.572,7.1758,9.35,71.374428
popcount32_tree,0a3849dd28f08263,317.87,,0.68,317.87,7.25439,1.62,382.242,7.19423,2.8,382.242,7.19037,3.38,387.03,7.17928,4.17,387.03,7.16413,5.08,387.03,7.18392,9.41,71.45217
popcount32_tree,0b8ed866dac3c3e6,278.502,,0.69,278.502,7.06762,1.64,341.012,6.98895,2.82,341.012,6.98585,3.39,345.8,6.9721,4.21,345.8,6.95243,5.13,345.8,6.97906,9.39,69.4448
popcount32_tree,0c26acbf10c57196,305.9,,0.71,305.9,7.22514,1.66,370.272,7.1622,2.86,370.272,7.15806,3.43,375.06,7.14603,4.27,375.06,7.12678,5.25,375.06,7.15085,9.87,71.13344
popcount32_tree,0d8e2788c8e6e6dd,279.3,,0.69,279.3,7.09071,1.62,343.672,7.02276,2.82,343.672,7.01948,3.39,348.46,7.00768,4.22,348.46,6.99141,5.14,348.46,7.01148,9.52,69.76634
popcount32_tree,0d954bb1a25839b4,310.954,,0.7,310.954,7.23228,1.67,375.326,7.16466,2.84,375.326,7.16346,3.43,380.114,7.15068,4.3,380.114,7.13659,5.23,380.114,7.1573,9.65,71.192886
popcount32_tree,12524449e27ca10d,310.954,,0.72,310.954,7.23228,1.66,375.326,7.1631,2.85,375.326,7.1625,3.43,380.114,7.15034,4.29,380.114,7.13487,5.2,380.114,7.15493,9.76,71.169186
popcount32_tree,148945f768a9495a,310.954,,0.7,310.954,7.22538,1.66,375.326,7.1647,2.83,375.326,7.16146,3.4,380.114,7.1491,4.25,380.114,7.13379,5.14,380.114,7.15305,9.83,71.150386
popcount32_tree,16ee6b0954adc22c,305.9,,0.73,305.9,7.22514,1.69,370.272,7.15551,2.85,370.272,7.15326,3.44,375.06,7.14156,4.28,375.06,7.12186,5.17,375.06,7.14993,9.53,71.12424
popcount32_tree,18cc7d5d2aa060df,310.954,,0.71,310.954,7.23228,1.67,375.326,7.16245,2.86,375.326,7.1616,3.45,380.114,7.14933,4.32,380.114,7.13646,5.25,380.114,7.1573,9.55,71.192886
popcount32_tree,198f3400863842b9,310.954,,0.71,310.954,7.23228,1.66,375.326,7.16899,2.84,375.326,7.16699,3.43,380.114,7.1558,4.25,380.114,7.13906,5.18,380.114,7.16389,9.53,71.258786
popcount32_tree,1a0524ac99162a36,315.476,,0.7,315.476,7.25462,1.65,379.848,7.19472,2.85,379.848,7.19463,3.43,384.636,7.18359,4.26,384.636,7.1706,5.21,384.636,7.18316,9.57,71.446964
popcount32_tree,1cd017b8087a9e54,267.862,,0.71,267.862,7.14818,1.65,332.234,7.09077,2.83,332.234,7.08824,3.4,337.022,7.07544,4.21,337.022,7.06943,5.1,337.022,7.08166,9.68,70.479578
popcount32_tree,1dc006b313825777,315.476,,0.69,315.476,7.25462,1.63,379.848,7.19479,2.83,379.848,7.19407,3.4,384.636,7.18246,4.22,384.636,7.16588,5.15,384.636,7.18049,9.6,71.420264
popcount32_tree,1ebfa18075d6d13e,217.322,,0.68,217.322,7.04439,1.63,277.97,6.98191,2.78,277.97,6.97961,3.33,282.758,6.96881,4.14,282.758,6.95761,5.05,282.758,6.97208,9.46,69.438042
popcount32_tree,20319baf0afb1cab,308.826,,0.7,308.826,7.23086,1.65,373.198,7.16523,2.84,373.198,7.16305,3.42,377.986,7.15026,4.23,377.986,7.13419,5.16,377.986,7.15347,10.04,71.156714
popcount32_tree,20a399ced6d1e6fa,310.954,,0.71,310.954,7.22538,1.65,375.326,7.16362,2.84,375.326,7.16154,3.45,380.114,7.14916,4.3,380.114,7.13397,5.21,380.114,7.15538,10.0,71.173686
popcount32_tree,22a3ccb127c8dac5,305.9,,0.71,305.9,7.22706,1.63,370.272,7.16002,2.78,370.272,7.15622,3.33,375.06,7.14336,4.15,375.06,7.13237,5.07,375.06,7.15102,9.39,71.13514
popcount32_tree,24126423f5308373,308.826,,0.7,308.826,7.2339,1.66,373.198,7.16986,2.85,373.198,7.16842,3.42,377.986,7.15672,4.24,377.986,7.14426,5.12,377.986,7.16282,9.51,71.250214
popcount32_tree,24ebb16f729e6905,288.344,,0.71,288.344,7.2184,1.66,352.716,7.14897,2.81,352.716,7.14969,3.4,357.504,7.13667,4.21,357.504,7.12472,5.12,357.504,7.13529,9.44,70.995396
popcount32_tree,27befd63f7d68efa,315.476,,0.69,315.476,7.25462,1.63,379.848,7.19516,2.82,379.848,7.1916,3.38,384.636,7.1804,4.18,384.636,7.17074,5.1,384.636,7.18241,9.44,71.439464
popcount32_tree,27c6146a72acde96,305.9,,0.69,305.9,7.22706,1.62,370.272,7.15961,2.77,370.272,7.15569,3.34,375.06,7.14468,4.14,375.06,7.13025,5.05,375.06,7.14992,9.48,71.12414
popcount32_tree,2bd18e1399e21846,308.826,,0.69,308.826,7.2339,1.63,373.198,7.1696,2.78,373.198,7.16662,3.34,377.986,7.15414,4.17,377.986,7.13988,5.09,377.986,7.16094,9.41,71.231414
popcount32_tree,2bf0f137ad948ba6,321.86,,0.7,321.86,7.21815,1.63,382.508,7.10462,2.81,382.508,7.10352,3.37,387.296,7.09481,4.2,387.296,7.08026,5.23,387.296,7.09975,9.92,70.610204
popcount32_tree,2fefd44cb87542fa,276.108,,0.68,276.108,7.07258,1.64,338.618,6.99086,2.83,338.618,6.98725,3.41,343.406,6.97666,4.24,343.406,6.95697,5.18,343.406,6.98961,9.51,69.552694
popcount32_tree,3486fb2641c37e82,308.826,,0.7,308.826,7.2339,1.66,373.198,7.1708,2.81,373.198,7.16857,3.37,377.986,7.15678,4.17,377.986,7.13677,5.12,377.986,7.16089,10.15,71.230914
popcount32_tree,35a836c7b5474697,310.954,,0.73,310.954,7.22676,1.7,375.326,7.16615,2.89,375.326,7.16409,3.47,380.114,7.1523,4.32,380.114,7.1345,5.24,380.114,7.15518,9.67,71.171686
popcount32_tree,3620c2830aed0305,225.834,,0.66,225.834,7.01833,1.62,287.28,6.95064,2.78,287.28,6.94773,3.35,292.068,6.93626,4.16,292.068,6.92727,5.04,292.068,6.94389,9.85,69.146832
popcount32_tree,3774d6a1a30f93b9,314.412,,0.7,314.412,7.25176,1.68,378.784,7.18593,2.84,378.784,7.18217,3.43,383.572,7.17207,4.25,383.572,7.15203,5.24,383.572,7.17318,9.69,71.348228
popcount32_tree,406589d5b59b72d0,310.954,,0.72,310.954,7.23228,1.67,375.326,7.16264,2.88,375.326,7.16352,3.45,380.114,7.15132,4.3,380.114,7.13841,5.24,380.114,7.15804,9.7,71.200286
popcount32_tree,4283d63b14e51002,310.954,,0.74,310.954,7.23228,1.69,375.326,7.16438,2.91,375.326,7.16265,3.49,380.114,7.15015,4.33,380.114,7.13609,5.34,380.114,7.15615,9.94,71.181386
popcount32_tree,43763e0c2bb9cc72,313.082,,0.68,313.082,7.25178,1.63,377.454,7.19134,2.82,377.454,7.18653,3.4,382.242,7.17486,4.24,382.242,7.15952,5.21,382.242,7.174,9.79,71.357758
popcount32_tree,48c650e74f09f92e,305.9,,0.7,305.9,7.22514,1.65,370.272,7.16036,2.84,370.272,7.15784,3.43,375.06,7.14707,4.24,375.06,7.12698,5.17,375.06,7.15186,9.5,71.14354
popcount32_tree,4a8e8b363fa736bb,311.486,,0.7,311.486,7.25176,1.65,375.858,7.18904,2.81,375.858,7.18611,3.38,380.646,7.17491,4.2,380.646,7.16273,5.15,380.646,7.17245,9.54,71.343854
popcount32_tree,4acf46f3a522d598,276.108,,0.69,276.108,7.07258,1.63,338.618,6.98747,2.83,338.618,6.98431,3.41,343.406,6.97271,4.25,343.406,6.95346,5.18,343.406,6.98751,9.55,69.531694
popcount32_tree,4bd02130b1b00c93,288.344,,0.68,288.344,7.09559,1.63,352.716,7.03635,2.8,352.716,7.03073,3.39,357.504,7.01884,4.2,357.504,7.00404,5.16,357.504,7.01954,9.68,69.837896
popcount32_tree,4df41a5744475a55,220.514,,0.65,220.514,7.13461,1.57,283.024,7.07836,2.69,283.024,7.0782,3.25,287.812,7.06518,4.04,287.812,7.05724,4.87,287.812,7.07262,8.59,70.438388
popcount32_tree,510b28adce682c25,313.082,,0.69,313.082,7.25176,1.62,377.454,7.1865,2.81,377.454,7.18438,3.39,382.242,7.17232,4.22,382.242,7.16027,5.1,382.242,7.17877,9.52,71.405458
popcount32_tree,54d79d875297b032,308.826,,0.72,308.826,7.22894,1.67,373.198,7.16242,2.89,373.198,7.16205,3.47,377.986,7.14929,4.31,377.986,7.134,5.3,377.986,7.15242,9.62,71.146214
popcount32_tree,5792ef531be77cb5,314.412,,0.69,314.412,7.25176,1.63,378.784,7.18707,2.83,378.784,7.18507,3.41,383.572,7.17355,4.24,383.572,7.16109,5.2,383.572,7.17072,9.61,71.323628
popcount32_tree,5810623a71793e86,202.958,,0.65,202.958,7.0577,1.6,264.404,6.98305,2.71,264.404,6.98386,3.24,269.192,6.97247,4.04,269.192,6.96574,4.91,269.192,6.98399,9.29,69.570708
popcount32_tree,59d6f419102ae72e,279.3,,0.72,279.3,7.09074,1.67,343.672,7.02757,2.84,343.672,7.02305,3.41,348.46,7.01131,4.22,348.46,7.00013,5.18,348.46,7.01891,9.81,69.84064
popcount32_tree,5a1871c17eaf8f16,310.954,,0.71,310.954,7.23228,1.65,375.326,7.16508,2.79,375.326,7.16357,3.36,380.114,7.15149,4.19,380.114,7.13479,5.14,380.114,7.15925,9.57,71.212386
popcount32_tree,5a5bdc501dd461c0,311.752,,0.7,311.752,7.24767,1.67,376.124,7.18352,2.85,376.124,7.18367,3.43,380.912,7.17282,4.26,380.912,7.1598,5.17,380.912,7.17781,9.63,71.397188
popcount32_tree,5abf093cca30aa79,308.826,,0.69,308.826,7.23086,1.65,373.198,7.16349,2.85,373.198,7.16436,3.43,377.986,7.15181,4.27,377.986,7.13469,5.31,377.986,7.15039,10.04,71.125914
popcount32_tree,5c65a6de1ba6976b,308.826,,0.68,308.826,7.2339,1.66,373.198,7.17011,2.82,373.198,7.17229,3.4,377.986,7.16062,4.2,377.986,7.14793,5.14,377.986,7.16193,9.53,71.241314
popcount32_tree,5eb39a031ed7c451,311.486,,0.72,311.486,7.25176,1.66,375.858,7.19158,2.85,375.858,7.18915,3.42,380.646,7.17771,4.27,380.646,7.16498,5.27,380.646,7.17616,10.09,71.380954
popcount32_tree,5f8fb8b4c5d478b0,306.166,,0.72,306.166,7.22894,1.68,370.538,7.16465,2.93,370.538,7.1602,3.48,375.326,7.14887,4.34,375.326,7.13488,5.26,375.326,7.14582,10.0,71.082874
popcount32_tree,603de90bff4008d5,314.412,,0.69,314.412,7.25739,1.64,378.784,7.19059,2.8,378.784,7.18618,3.37,383.572,7.17562,4.17,383.572,7.15983,5.12,383.572,7.18196,9.58,71.436028
popcount32_tree,61ef52b9a84ec4c5,318.668,,0.7,318.668,7.25013,1.66,383.04,7.18393,2.83,383.04,7.1801,3.42,387.828,7.16833,4.25,387.828,7.15814,5.19,387.828,7.17457,9.69,71.357872
popcount32_tree,638d75b2ae8739e5,314.412,,0.72,314.412,7.25739,1.69,378.784,7.19481,2.87,378.784,7.19078,3.44,383.572,7.18041,4.27,383.572,7.16394,5.23,383.572,7.18046,9.74,71.421028
popcount32_tree,639d3a98ff9ad99f,294.196,,0.68,294.196,7.19528,1.65,356.706,7.1112,2.81,356.706,7.10593,3.39,361.494,7.09468,4.24,361.494,7.07325,5.2,361.494,7.1013,9.54,70.651506
popcount32_tree,641a46f765050e52,311.752,,0.7,311.752,7.24767,1.65,376.124,7.18632,2.81,376.124,7.18195,3.39,380.912,7.16941,4.25,380.912,7.15574,5.19,380.912,7.17077,9.57,71.326788
popcount32_tree,68171cf20adbf736,317.87,,0.69,317.87,7.25439,1.62,382.242,7.19425,2.83,382.242,7.19238,3.42,387.03,7.1803,4.23,387.03,7.16748,5.16,387.03,7.18606,9.53,71.47357
popcount32_tree,6ced30536f39671b,198.436,,0.63,198.436,7.09149,1.52,259.882,7.0171,2.61,259.882,7.01671,3.13,264.67,7.00552,3.87,264.67,7.00587,4.64,264.67,7.01636,8.65,69.89893
popcount32_tree,6f7e0dce3b720246,308.826,,0.71,308.826,7.23584,1.66,373.198,7.17207,2.85,373.198,7.17105,3.42,377.986,7.16116,4.27,377.986,7.14798,5.21,377.986,7.16245,9.73,71.246514
popcount32_tree,705c2d6537f00f45,317.87,,0.69,317.87,7.25439,1.65,382.242,7.18654,2.83,382.242,7.18774,3.39,387.03,7.17504,4.19,387.03,7.16149,5.11,387.03,7.18312,9.39,71.44417
popcount32_tree,7154f823f676cc4b,277.704,,0.72,277.704,7.06675,1.67,340.214,6.98547,2.86,340.214,6.98079,3.45,345.002,6.97058,4.29,345.002,6.95132,5.26,345.002,6.97401,9.66,69.395098
popcount32_tree,74e4457d24edf07f,225.834,,0.66,225.834,7.01833,1.6,287.28,6.95099,2.72,287.28,6.94831,3.28,292.068,6.93692,4.12,292.068,6.92575,5.11,292.068,6.944,9.92,69.147932
popcount32_tree,74f522cb571e4365,309.092,,0.71,309.092,7.23584,1.66,373.464,7.16898,2.86,373.464,7.16686,3.44,378.252,7.15445,4.28,378.252,7.13822,5.17,378.252,7.15574,9.67,71.179148
popcount32_tree,75cadd42bfec7962,303.772,,0.71,303.772,7.22894,1.66,368.144,7.16249,2.86,368.144,7.15894,3.46,372.932,7.14616,4.31,372.932,7.12994,5.21,372.932,7.15433,9.61,71.170368
popcount32_tree,76493be368efa0c1,317.87,,0.7,317.87,7.25439,1.64,382.242,7.1943,2.83,382.242,7.19168,3.41,387.03,7.18032,4.25,387.03,7.1687,5.14,387.03,7.18726,9.45,71.48557
popcount32_tree,7a7794fb0797bd70,310.954,,0.7,310.954,7.23228,1.65,375.326,7.16846,2.83,375.326,7.1664,3.4,380.114,7.15506,4.27,380.114,7.13972,5.2,380.114,7.16219,9.18,71.241786
popcount32_tree,7cd338570294ad72,308.826,,0.7,308.826,7.22894,1.66,373.198,7.1626,2.84,373.198,7.16018,3.4,377.986,7.14736,4.22,377.986,7.13555,5.12,377.986,7.15099,9.46,71.131914
popcount32_tree,7f53e8dcfae35e4e,310.954,,0.7,310.954,7.23034,1.64,375.326,7.16172,2.87,375.326,7.15992,3.44,380.114,7.1479,4.25,380.114,7.13249,5.17,380.114,7.15718,9.53,71.191686
popcount32_tree,845d850555d67d05,317.87,,0.68,317.87,7.25439,1.59,382.242,7.18869,2.76,382.242,7.1873,3.3,387.03,7.17543,4.08,387.03,7.16034,4.96,387.03,7.18387,9.18,71.45167
popcount32_tree,8543270277c4e513,288.344,,0.69,288.344,7.2184,1.64,352.716,7.14894,2.82,352.716,7.14746,3.39,357.504,7.13413,4.2,357.504,7.12279,5.14,357.504,7.13741,9.15,71.016596
popcount32_tree,85cc75734db41c48,314.412,,0.71,314.412,7.25739,1.66,378.784,7.19125,2.88,378.784,7.18608,3.47,383.572,7.17378,4.31,383.572,7.15945,5.23,383.572,7.17833,9.8,71.399728
popcount32_tree,86b161a5652e76b3,306.166,,0.7,306.166,7.22894,1.66,370.538,7.15959,2.84,370.538,7.15757,3.41,375.326,7.14561,4.24,375.326,7.12976,5.17,375.326,7.14445,9.46,71.069174
popcount32_tree,90540c40aabdb6af,288.344,,0.69,288.344,7.09559,1.63,352.716,7.0324,2.84,352.716,7.02862,3.43,357.504,7.01912,4.24,357.504,7.0002,5.22,357.504,7.02119,9.25,69.854396
popcount32_tree,92f6d07791dda381,317.87,,0.69,317.87,7.25439,1.61,382.242,7.19443,2.79,382.242,7.19378,3.35,387.03,7.18262,4.15,387.03,7.16854,5.06,387.03,7.18569,9.49,71.46987
popcount32_tree,9468027bc7bb84b2,279.3,,0.69,279.3,7.09071,1.65,343.672,7.02756,2.82,343.672,7.0197,3.4,348.46,7.0097,4.22,348.46,6.99127,5.15,348.46,7.01268,9.54,69.77834
popcount32_tree,99d231312cf842cf,281.428,,0.68,281.428,7.11896,1.62,345.8,7.05282,2.78,345.8,7.05355,3.34,350.588,7.04285,4.14,350.588,7.03635,5.05,350.588,7.05235,9.34,70.172912
popcount32_tree,9a7df9d243ca9505,308.826,,0.71,308.826,7.23086,1.65,373.198,7.16344,2.81,373.198,7.16223,3.38,377.986,7.15053,4.19,377.986,7.13636,5.14,377.986,7.157,9.58,71.192014
popcount32_tree,9bd56ca9cc466621,317.87,,0.71,317.87,7.25439,1.67,382.242,7.19014,2.85,382.242,7.1886,3.41,387.03,7.17794,4.24,387.03,7.16425,5.19,387.03,7.18028,9.61,71.41577
popcount32_tree,9bd6acef2835b312,311.752,,0.69,311.752,7.24767,1.63,376.124,7.17698,2.84,376.124,7.17505,3.4,380.912,7.16328,4.23,380.912,7.15293,5.16,380.912,7.16404,9.51,71.259488
popcount32_tree,a2b7af4aef29b576,315.476,,0.69,315.476,7.25462,1.64,379.848,7.19449,2.86,379.848,7.19209,3.43,384.636,7.1818,4.26,384.636,7.16914,5.25,384.636,7.18247,9.76,71.440064
popcount32_tree,a420fd2e5b923832,315.476,,0.69,315.476,7.25462,1.63,379.848,7.19502,2.81,379.848,7.19135,3.38,384.636,7.18014,4.2,384.636,7.16691,5.17,384.636,7.18547,9.5,71.470064
popcount32_tree,a9de9882d795c69b,240.996,,0.66,240.996,7.16196,1.61,303.506,7.10407,2.73,303.506,7.10481,3.27,308.294,7.09446,4.05,308.294,7.08846,4.9,308.294,7.10175,9.53,70.709206
popcount32_tree,aa28a97852bf8c7f,314.412,,0.7,314.412,7.25176,1.63,378.784,7.18702,2.79,378.784,7.18409,3.37,383.572,7.17289,4.22,383.572,7.16026,5.13,383.572,7.1728,9.48,71.344428
popcount32_tree,ac399b7df5633d46,258.02,,0.67,258.02,7.06673,1.62,320.53,6.98687,2.82,320.53,6.97796,3.38,325.318,6.96888,4.18,325.318,6.95126,5.14,325.318,6.97069,9.41,69.381582
popcount32_tree,af10c0d2879d7ca4,310.954,,0.71,310.954,7.2273,1.66,375.326,7.16473,2.85,375.326,7.16156,3.42,380.114,7.15017,4.23,380.114,7.13307,5.16,380.114,7.1519,9.54,71.138886
popcount32_tree,b456c462d827dfec,305.9,,0.7,305.9,7.22514,1.64,370.272,7.15695,2.8,370.272,7.15347,3.38,375.06,7.14141,4.21,375.06,7.12517,5.2,375.06,7.14662,9.67,71.09114
popcount32_tree,b8a5da2f0fd3e062,310.954,,0.7,310.954,7.22676,1.66,375.326,7.15498,2.87,375.326,7.15051,3.46,380.114,7.13818,4.29,380.114,7.12441,5.26,380.114,7.13628,9.71,70.982686
popcount32_tree,b907877ddfebe462,314.412,,0.71,314.412,7.25176,1.67,378.784,7.18683,2.86,378.784,7.18345,3.44,383.572,7.17099,4.29,383.572,7.15924,5.22,383.572,7.17207,9.6,71.337128
popcount32_tree,b9507316e321f083,317.87,,0.67,317.87,7.25439,1.57,382.242,7.18965,2.74,382.242,7.18751,3.28,387.03,7.17515,4.06,387.03,7.15978,5.04,387.03,7.18048,9.2,71.41777
popcount32_tree,b979ad741284a6cc,310.954,,0.71,310.954,7.23034,1.66,375.326,7.16292,2.85,375.326,7.16322,3.43,380.114,7.15162,4.27,380.114,7.13423,5.22,380.114,7.1545,9.77,71.164886
popcount32_tree,bafed7ac7310862c,315.476,,0.7,315.476,7.25462,1.63,379.848,7.1952,2.79,379.848,7.19374,3.35,384.636,7.18282,4.17,384.636,7.16579,5.15,384.636,7.18473,9.71,71.462664
popcount32_tree,bd11295c88f237dd,270.256,,0.7,270.256,7.09063,1.64,334.628,7.02802,2.81,334.628,7.02501,3.37,339.416,7.01214,4.18,339.416,6.99569,5.05,339.416,7.01392,9.34,69.799784
popcount32_tree,bd96c566c9169bf6,306.432,,0.7,306.432,7.23418,1.65,370.804,7.16951,2.84,370.804,7.16821,3.41,375.592,7.15604,4.22,375.592,7.1433,5.12,375.592,7.16023,9.43,71.226708
popcount32_tree,be0a51599d3c70c9,311.752,,0.71,311.752,7.24767,1.66,376.124,7.19207,2.84,376.124,7.18534,3.41,380.912,7.17471,4.22,380.912,7.16256,5.16,380.912,7.17648,9.78,71.383888
popcount32_tree,bfe52957c5b5cdd4,313.88,,0.7,313.88,7.24765,1.66,378.252,7.18932,2.85,378.252,7.18484,3.42,383.04,7.17325,4.21,383.04,7.16158,5.15,383.04,7.17679,9.49,71.38486
popcount32_tree,c09e8884b6c7b6ba,315.476,,0.69,315.476,7.24927,1.63,379.848,7.19355,2.86,379.848,7.19402,3.41,384.636,7.18461,4.22,384.636,7.17113,5.15,384.636,7.18593,9.66,71.474664
popcount32_tree,c0d9da6321e34ac2,310.954,,0.71,310.954,7.23228,1.67,375.326,7.1638,2.86,375.326,7.1624,3.43,380.114,7.15061,4.26,380.114,7.13306,5.22,380.114,7.15519,9.95,71.171786
popcount32_tree,c18b5a728f36d9f7,217.322,,0.66,217.322,7.04439,1.62,277.97,6.98191,2.76,277.97,6.97745,3.34,282.758,6.96662,4.14,282.758,6.95542,5.05,282.758,6.97155,9.67,69.432742
popcount32_tree,c3537e4b7e0d1d0f,289.142,,0.7,289.142,7.17266,1.63,353.514,7.11445,2.81,353.514,7.10983,3.38,358.302,7.09725,4.19,358.302,7.08667,5.13,358.302,7.10156,9.4,70.657298
popcount32_tree,c417a816c4f3434e,308.826,,0.71,308.826,7.22894,1.66,373.198,7.16399,2.85,373.198,7.1591,3.42,377.986,7.14794,4.28,377.986,7.1336,5.2,377.986,7.15181,9.82,71.140114
popcount32_tree,c8bdaed4d9f38660,298.452,,0.7,298.452,7.22894,1.63,362.824,7.166,2.79,362.824,7.16355,3.35,367.612,7.15252,4.17,367.612,7.13976,5.1,367.612,7.15855,9.4,71.217888
popcount32_tree,cab7d9103a2580bb,306.166,,0.71,306.166,7.23086,1.63,370.538,7.16079,2.81,370.538,7.15931,3.38,375.326,7.14659,4.18,375.326,7.13044,5.06,375.326,7.15106,9.23,71.135274
popcount32_tree,ce99bdd73446715f,287.546,,0.7,287.546,7.0638,1.63,350.854,6.99889,2.78,350.854,6.99772,3.34,355.642,6.98619,4.14,355.642,6.9712,5.02,355.642,6.99258,9.42,69.570158
popcount32_tree,d0cc76bc5f2c379f,310.954,,0.72,310.954,7.23228,1.67,375.326,7.16201,2.84,375.326,7.16266,3.41,380.114,7.15064,4.22,380.114,7.13667,5.13,380.114,7.15433,9.62,71.163186
popcount32_tree,d2589fa9e82588e0,314.412,,0.69,314.412,7.25739,1.63,378.784,7.19005,2.78,378.784,7.18712,3.34,383.572,7.17494,4.16,383.572,7.1639,5.04,383.572,7.17434,9.41,71.359828
popcount32_tree,d27692168b0a4ce8,310.954,,0.71,310.954,7.23228,1.65,375.326,7.16882,2.83,375.326,7.16592,3.41,380.114,7.15353,4.24,380.114,7.13331,5.16,380.114,7.15951,9.82,71.214986
popcount32_tree,d526f94fa890d9e2,308.826,,0.7,308.826,7.23086,1.65,373.198,7.16596,2.81,373.198,7.163,3.39,377.986,7.15023,4.22,377.986,7.13126,5.17,377.986,7.15285,9.54,71.150514
popcount32_tree,d706b70e752cd64a,308.826,,0.7,308.826,7.22894,1.66,373.198,7.1637,2.91,373.198,7.16365,3.47,377.986,7.15145,4.31,377.986,7.13302,5.27,377.986,7.14889,9.78,71.110914
popcount32_tree,d7901cab2b36f1d0,276.108,,0.7,276.108,7.07258,1.65,338.618,6.98777,2.81,338.618,6.98626,3.38,343.406,6.97443,4.22,343.406,6.95946,5.16,343.406,6.98225,9.57,69.479094
popcount32_tree,db0eda673fd21f46,259.35,,0.69,259.35,7.06673,1.63,321.86,6.99726,2.8,321.86,6.99035,3.37,326.648,6.97875,4.19,326.648,6.96128,5.12,326.648,6.98511,9.49,69.524452
popcount32_tree,db2393549376e700,308.826,,0.7,308.826,7.22894,1.64,373.198,7.1631,2.83,373.198,7.16097,3.41,377.986,7.14885,4.26,377.986,7.12892,5.19,377.986,7.15507,9.48,71.172714
popcount32_tree,dd2b3cce5ca7fdc4,314.412,,0.69,314.412,7.25739,1.65,378.784,7.19183,2.83,378.784,7.18819,3.4,383.572,7.17698,4.24,383.572,7.1598,5.17,383.572,7.18218,9.56,71.438228
popcount32_tree,e1c459cc1b17227f,308.826,,0.7,308.826,7.2339,1.65,373.198,7.17104,2.86,373.198,7.1681,3.44,377.986,7.1555,4.28,377.986,7.14227,5.25,377.986,7.1605,9.88,71.227014
popcount32_tree,e2a7f51cebde6edd,314.412,,0.73,314.412,7.25739,1.7,378.784,7.19204,2.89,378.784,7.19114,3.45,383.572,7.17843,4.27,383.572,7.16144,5.24,383.572,7.18246,9.66,71.441028
popcount32_tree,e33d9dc22ebbebfa,314.412,,0.71,314.412,7.25739,1.67,378.784,7.19067,2.88,378.784,7.1873,3.46,383.572,7.1756,4.3,383.572,7.16062,5.27,383.572,7.1781,9.74,71.397428
popcount32_tree,e4452cda393cc8de,309.092,,0.69,309.092,7.22894,1.62,373.464,7.16505,2.8,373.464,7.16213,3.36,378.252,7.15003,4.16,378.252,7.13785,5.1,378.252,7.15567,9.84,71.178448
popcount32_tree,e4a93cdafd21cee5,317.87,,0.69,317.87,7.25439,1.63,382.242,7.19029,2.82,382.242,7.19007,3.39,387.03,7.17844,4.18,387.03,7.16624,5.11,387.03,7.18405,9.07,71.45347
popcount32_tree,e4d14bcee8005e9b,314.412,,0.7,314.412,7.25739,1.63,378.784,7.19121,2.82,378.784,7.18886,3.4,383.572,7.17685,4.23,383.572,7.15813,5.22,383.572,7.17654,9.63,71.381828
popcount32_tree,e4e8bb880e4ff28b,280.364,,0.71,280.364,7.1371,1.64,344.736,7.07359,2.84,344.736,7.07229,3.41,349.524,7.05995,4.23,349.524,7.05799,5.16,349.524,7.06719,9.6,70.322376
popcount32_tree,e630aab51588a011,311.486,,0.74,311.486,7.2523,1.69,375.858,7.19101,2.87,375.858,7.18646,3.46,380.646,7.1755,4.27,380.646,7.16457,5.24,380.646,7.17807,9.74,71.400054
popcount32_tree,e886f19f2404f17f,309.092,,0.7,309.092,7.23614,1.64,373.464,7.16551,2.84,373.464,7.16497,3.42,378.252,7.15126,4.24,378.252,7.13934,5.25,378.252,7.15838,9.7,71.205548
popcount32_tree,ec85c0513c840431,309.092,,0.7,309.092,7.23086,1.66,373.464,7.16034,2.85,373.464,7.15701,3.44,378.252,7.14375,4.3,378.252,7.12829,5.2,378.252,7.14842,9.73,71.105948
popcount32_tree,ed8a5067a181f23d,279.3,,0.7,279.3,7.08996,1.66,343.672,7.0305,2.87,343.672,7.0278,3.44,348.46,7.01533,4.28,348.46,7.00567,5.23,348.46,7.02052,9.72,69.85674
popcount32_tree,ede61deebf3b3bb2,310.954,,0.7,310.954,7.2273,1.67,375.326,7.16456,2.86,375.326,7.16392,3.43,380.114,7.15155,4.25,380.114,7.13343,5.22,380.114,7.15653,9.88,71.185186
popcount32_tree,ee6e40ee94849cda,310.954,,0.72,310.954,7.23228,1.67,375.326,7.16319,2.84,375.326,7.16289,3.4,380.114,7.15123,4.2,380.114,7.13162,5.16,380.114,7.15889,9.87,71.208786
popcount32_tree,eefb2170f78b0534,317.87,,0.7,317.87,7.25439,1.64,382.242,7.18888,2.83,382.242,7.19006,3.42,387.03,7.17889,4.26,387.03,7.16559,5.22,387.03,7.18445,9.77,71.45747
popcount32_tree,f08ed27a25453b2d,308.826,,0.7,308.826,7.22894,1.65,373.198,7.16334,2.83,373.198,7.16171,3.4,377.986,7.15015,4.25,377.986,7.13629,5.19,377.986,7.1546,9.58,71.168014
popcount32_tree,f0e0c9b52074a96e,310.954,,0.71,310.954,7.23228,1.68,375.326,7.16407,2.86,375.326,7.16148,3.44,380.114,7.14935,4.27,380.114,7.13127,5.19,380.114,7.15799,9.47,71.199786
popcount32_tree,f493e5f3e4f018ff,202.958,,0.67,202.958,7.0577,1.61,264.404,6.98305,2.75,264.404,6.98287,3.31,269.192,6.97135,4.1,269.192,6.96642,4.98,269.192,6.98748,9.36,69.605608
popcount32_tree,f7949066e9b1683f,309.092,,0.7,309.092,7.22922,1.65,373.464,7.16403,2.82,373.464,7.16124,3.37,378.252,7.14893,4.17,378.252,7.13289,5.06,378.252,7.15419,9.35,71.163648
popcount32_tree,fa952f7084dbf666,236.208,,0.71,236.208,6.93913,1.65,299.516,6.87098,2.82,299.516,6.86529,3.37,304.304,6.85503,4.15,304.304,6.84196,5.01,304.304,6.86093,9.96,68.304996
popcount64_tree,006c9f0c576aadb6,615.79,,0.82,615.79,7.04941,1.83,738.948,6.96771,3.22,738.948,6.96691,3.9,742.938,6.95747,4.79,742.938,6.94638,5.93,742.938,6.97032,11.46,68.960262
popcount64_tree,03afd585937299d3,619.514,,0.84,619.514,7.03249,1.81,742.672,6.95305,3.16,742.672,6.95529,3.8,746.662,6.94571,4.7,746.662,6.92994,5.85,746.662,6.95562,11.0,68.809538
popcount64_tree,0465563bc8632463,412.034,,0.71,412.034,6.76355,1.69,532.0,6.65324,2.98,532.0,6.65277,3.6,535.99,6.64251,4.46,535.99,6.63454,5.52,535.99,6.6664,10.69,66.12801
popcount64_tree,04660432dc61de5e,616.854,,0.81,616.854,7.05018,1.84,740.012,6.95291,3.22,740.012,6.94998,3.88,744.002,6.94032,4.8,744.002,6.9357,5.96,744.002,6.96261,11.09,68.882098
popcount64_tree,0492fdcf658073f9,615.79,,0.82,615.79,7.05532,1.81,738.948,6.96893,3.2,738.948,6.9655,3.89,742.938,6.95518,4.79,742.938,6.93957,5.94,742.938,6.97239,11.01,68.980962
popcount64_tree,04a720b7795e256e,619.514,,0.83,619.514,7.03939,1.82,742.672,6.96096,3.18,742.672,6.96301,3.83,746.662,6.95161,4.76,746.662,6.94245,5.97,746.662,6.96257,11.17,68.879038
popcount64_tree,0548859a3a4ec38a,622.174,,0.81,622.174,7.05498,1.82,745.332,6.97383,3.16,745.332,6.9748,3.84,749.322,6.96458,4.74,749.322,6.95474,5.92,749.322,6.9798,11.22,69.048678
popcount64_tree,064981c33140dd7a,618.184,,0.82,618.184,7.00727,1.8,738.948,6.9127,3.19,738.948,6.9144,3.85,742.938,6.90397,4.74,742.938,6.88817,5.89,742.938,6.92667,11.93,68.523762
popcount64_tree,07fa543ca26745ca,615.79,,0.8,615.79,7.05455,1.79,738.948,6.97128,3.15,738.948,6.96985,3.82,742.938,6.96043,4.76,742.938,6.95218,5.9,742.938,6.97283,11.16,68.985362
popcount64_tree,080e0754938fde8d,615.79,,0.81,615.79,7.05018,1.79,738.948,6.963,3.17,738.948,6.96198,3.85,742.938,6.95047,4.78,742.938,6.94314,5.89,742.938,6.96917,10.91,68.948762
popcount64_tree,08751c9749ce1731,590.254,,0.82,590.254,6.9873,1.79,711.55,6.87207,3.15,711.55,6.873,3.81,715.54,6.85942,4.7,715.54,6.84639,5.98,715.54,6.87486,11.36,68.03306
popcount64_tree,08c8f77d37616253,615.79,,0.82,615.79,7.0505,1.81,738.948,6.96495,3.26,738.948,6.96252,3.93,742.938,6.95374,4.84,742.938,6.94519,6.0,742.938,6.96615,11.18,68.918562
popcount64_tree,0badb982d19c8dcd,616.854,,0.81,616.854,7.05018,1.8,740.012,6.96496,3.16,740.012,6.96401,3.8,744.002,6.95432,4.69,744.002,6.93838,5.85,744.002,6.97049,11.02,68.960898
popcount64_tree,0c47b51d0cb87d6d,616.854,,0.83,616.854,7.04885,1.83,740.012,6.9633,3.18,740.012,6.96137,3.86,744.002,6.95126,4.82,744.002,6.94217,6.04,744.002,6.96362,11.34,68.892198
popcount64_tree,0c54fa3049564dc8,623.504,,0.83,623.504,7.00931,1.82,744.268,6.93261,3.18,744.268,6.93237,3.84,748.258,6.92058,4.78,748.258,6.89703,5.96,748.258,6.93355,11.96,68.587242
popcount64_tree,0d8ec8f6ba175f28,622.174,,0.8,622.174,7.05498,1.79,745.332,6.97492,3.11,745.332,6.97652,3.79,749.322,6.96634,4.72,749.322,6.95811,5.9,749.322,6.97815,11.44,69.032178
popcount64_tree,0eeca1618e57cff7,482.524,,0.77,482.524,6.80211,1.75,603.022,6.67045,3.13,603.022,6.6681,3.78,607.012,6.65663,4.72,607.012,6.6446,5.89,607.012,6.67054,11.37,66.098388
popcount64_tree,0ffb47a60cb13794,394.744,,0.72,394.744,6.72712,1.71,515.774,6.64611,3.03,515.774,6.64249,3.66,519.764,6.63741,4.57,519.764,6.62658,5.59,519.764,6.65041,10.67,65.984336
popcount64_tree,11fcbb3695d3bfbc,620.046,,0.83,620.046,7.01088,1.82,741.608,6.8958,3.16,741.608,6.89698,3.83,745.598,6.88472,4.71,745.598,6.86556,5.91,745.598,6.90396,11.46,68.294002
popcount64_tree,13e9f8d5d3077cda,475.076,,0.78,475.076,6.58845,1.76,593.446,6.48849,3.05,593.446,6.48743,3.71,597.436,6.4794,4.58,597.436,6.45596,5.62,597.436,6.4945,10.74,64.347564
popcount64_tree,16bc1b7d0810601b,615.79,,0.82,615.79,7.04941,1.82,738.948,6.96869,3.19,738.948,6.96724,3.86,742.938,6.95723,4.81,742.938,6.94986,6.0,742.938,6.96699,11.35,68.926962
popcount64_tree,1702295e06d1cf2e,614.992,,0.81,614.992,7.04884,1.82,738.15,6.96354,3.18,738.15,6.96287,3.85,742.14,6.95305,4.79,742.14,6.94079,5.92,742.14,6.96318,11.06,68.88966
popcount64_tree,17470e069d6eb421,608.874,,0.82,608.874,7.02763,1.79,732.032,6.93933,3.14,732.032,6.94035,3.8,736.022,6.92888,4.72,736.022,6.92095,5.84,736.022,6.94245,10.81,68.688478
popcount64_tree,1886ad5b2fd0bcb7,467.362,,0.71,467.362,6.90979,1.67,586.796,6.81579,2.93,586.796,6.81871,3.55,590.786,6.80797,4.42,590.786,6.80515,5.38,590.786,6.8185,10.22,67.594214
popcount64_tree,1947a95131f63f6d,615.524,,0.82,615.524,6.99252,1.81,736.288,6.90453,3.14,736.288,6.90291,3.79,740.278,6.89174,4.68,740.278,6.88321,5.85,740.278,6.91477,11.25,68.407422
popcount64_tree,1958863137bcaadc,616.854,,0.82,616.854,7.05018,1.79,740.012,6.95374,3.14,740.012,6.95327,3.81,744.002,6.94241,4.74,744.002,6.935,5.9,744.002,6.96228,11.26,68.878798
popcount64_tree,1b27fe4a4eea08ce,618.184,,0.83,618.184,6.99958,1.84,738.948,6.9097,3.22,738.948,6.90998,3.91,742.938,6.9001,4.82,742.938,6.87266,6.05,742.938,6.91861,11.93,68.443162
popcount64_tree,1c4f5245af5506c5,359.632,,0.74,359.632,6.84087,1.72,478.002,6.7324,3.03,478.002,6.73431,3.65,481.992,6.72181,4.51,481.992,6.71,5.48,481.992,6.73648,10.41,66.882808
popcount64_tree,1cf5eba4b6d7e27b,619.514,,0.82,619.514,7.03907,1.81,742.672,6.95759,3.19,742.672,6.96,3.85,746.662,6.94965,4.74,746.662,6.93992,5.95,746.662,6.96099,11.06,68.863238
popcount64_tree,201453a8a5815d99,619.514,,0.81,619.514,7.03907,1.8,742.672,6.96234,3.16,742.672,6.96281,3.81,746.662,6.95139,4.75,746.662,6.93676,5.93,746.662,6.96244,11.32,68.877738
popcount64_tree,20a96c423882f219,623.504,,0.84,623.504,7.00931,1.82,744.268,6.93133,3.19,744.268,6.92975,3.86,748.258,6.91989,4.79,748.258,6.91715,5.99,748.258,6.93981,11.71,68.649842
popcount64_tree,223b19a5a7f2520d,616.854,,0.8,616.854,7.05018,1.79,740.012,6.95253,3.14,740.012,6.95103,3.84,744.002,6.94186,4.78,744.002,6.93322,6.01,744.002,6.96405,11.32,68.896498
popcount64_tree,23020175c2990a50,619.514,,0.86,619.514,7.03713,1.85,742.672,6.95746,3.17,742.672,6.95598,3.83,746.662,6.94581,4.76,746.662,6.93395,5.98,746.662,6.95657,11.16,68.819038
popcount64_tree,232ea78a562f955b,434.91,,0.73,434.91,6.93255,1.7,555.408,6.81897,2.99,555.408,6.81444,3.61,559.398,6.80323,4.47,559.398,6.78609,5.55,559.398,6.81378,10.33,67.578402
popcount64_tree,287bbd75d90e12da,623.504,,0.82,623.504,7.00931,1.8,744.268,6.93113,3.17,744.268,6.93117,3.86,748.258,6.92023,4.8,748.258,6.91085,6.01,748.258,6.93908,12.14,68.642542
popcount64_tree,29248eaf4a313d4d,616.854,,0.8,616.854,7.05018,1.78,740.012,6.9522,3.18,740.012,6.95281,3.86,744.002,6.94261,4.8,744.002,6.93103,6.02,744.002,6.96473,11.48,68.903298
popcount64_tree,2b7cd6e99a114f86,619.514,,0.84,619.514,7.03217,1.86,742.672,6.952,3.26,742.672,6.95291,3.94,746.662,6.94158,4.83,746.662,6.9235,5.98,746.662,6.95159,11.24,68.769238
popcount64_tree,2c670db1b7104820,616.854,,0.81,616.854,7.05018,1.81,740.012,6.95171,3.15,740.012,6.94841,3.8,744.002,6.93826,4.7,744.002,6.93069,5.8,744.002,6.95977,10.93,68.853698
popcount64_tree,2f14ab568d86cd82,584.934,,0.8,584.934,7.02572,1.78,708.092,6.93818,3.1,708.092,6.93492,3.77,712.082,6.92483,4.66,712.082,6.91514,5.87,712.082,6.93925,10.86,68.680418
popcount64_tree,2f1b74185f62244c,618.184,,0.83,618.184,6.99958,1.8,738.948,6.90846,3.15,738.948,6.90659,3.81,742.938,6.89549,4.74,742.938,6.86858,5.9,742.938,6.91162,11.23,68.373262
popcount64_tree,30cbe449b817a3c6,616.854,,0.81,616.854,7.05018,1.82,740.012,6.95361,3.2,740.012,6.95048,3.88,744.002,6.94116,4.83,744.002,6.93388,6.0,744.002,6.96156,11.28,68.871598
popcount64_tree,34137a3382bcb0f6,506.996,,0.78,506.996,6.86079,1.77,627.494,6.7441,3.15,627.494,6.74818,3.8,631.484,6.73686,4.74,631.484,6.72248,5.9,631.484,6.75429,11.01,66.911416
popcount64_tree,3c723ed7ea32c348,615.79,,0.81,615.79,7.05018,1.81,738.948,6.9614,3.17,738.948,6.95686,3.88,742.938,6.94626,4.78,742.938,6.94177,5.95,742.938,6.96157,11.37,68.872762
popcount64_tree,3da2d57ef7f9d4f8,363.356,,0.74,363.356,6.82599,1.74,482.524,6.70274,3.0,482.524,6.70062,3.62,486.514,6.68996,4.49,486.514,6.68468,5.55,486.514,6.71217,10.38,66.635186
popcount64_tree,3fb710309cba98e3,619.514,,0.81,619.514,7.03713,1.77,742.672,6.9555,3.1,742.672,6.957,3.76,746.662,6.94646,4.7,746.662,6.9361,5.82,746.662,6.9571,11.22,68.824338
popcount64_tree,3fc1c0e788e445bd,615.524,,0.83,615.524,6.99252,1.8,736.288,6.90514,3.19,736.288,6.90288,3.86,740.278,6.8933,4.8,740.278,6.8728,5.98,740.278,6.91421,11.6,68.401822
popcount64_tree,401c8c20f2ecf926,615.79,,0.81,615.79,7.04941,1.82,738.948,6.95,3.22,738.948,6.94893,3.89,742.938,6.93957,4.78,742.938,6.92766,5.95,742.938,6.95938,11.29,68.850862
popcount64_tree,4151ac27811cd0e1,617.386,,0.85,617.386,7.00098,1.84,738.948,6.87097,3.19,738.948,6.86917,3.86,742.938,6.85821,4.76,742.938,6.84161,5.94,742.938,6.87332,11.61,67.990262
popcount64_tree,41ad4bf5336283b5,615.79,,0.82,615.79,7.05532,1.8,738.948,6.96852,3.18,738.948,6.96887,3.85,742.938,6.95882,4.78,742.938,6.95075,6.01,742.938,6.97246,11.1,68.981662
popcount64_tree,45854b4d7e152c85,510.72,,0.78,510.72,6.83311,1.76,630.42,6.74168,3.1,630.42,6.74207,3.77,634.41,6.72939,4.72,634.41,6.70972,5.86,634.41,6.74309,11.56,66.79649
popcount64_tree,45b76b77de5d1a72,623.504,,0.82,623.504,7.00931,1.79,744.268,6.93297,3.16,744.268,6.93159,3.82,748.258,6.92118,4.76,748.258,6.90864,5.92,748.258,6.93685,11.2,68.620242
popcount64_tree,460cf3d738ce6414,613.928,,0.83,613.928,7.05018,1.81,737.086,6.96354,3.2,737.086,6.96183,3.85,741.076,6.95112,4.79,741.076,6.93676,5.96,741.076,6.96593,11.33,68.918224
popcount64_tree,486367884a23b6ff,616.854,,0.81,616.854,7.04885,1.81,740.012,6.96109,3.2,740.012,6.96186,3.88,744.002,6.94911,4.77,744.002,6.9409,5.95,744.002,6.96214,11.09,68.877398
popcount64_tree,48cace4e9d590acd,619.514,,0.84,619.514,7.03907,1.81,742.672,6.96315,3.16,742.672,6.96297,3.84,746.662,6.95073,4.78,746.662,6.93945,5.96,746.662,6.96151,11.38,68.868438
popcount64_tree,4b43621e4ac8f883,618.184,,0.84,618.184,7.00727,1.83,738.948,6.91291,3.19,738.948,6.91117,3.86,742.938,6.90075,4.75,742.938,6.88096,5.88,742.938,6.91986,11.23,68.455662
popcount64_tree,4b4a24d1bc3b6e79,614.992,,0.81,614.992,7.04885,1.81,738.15,6.96551,3.18,738.15,6.96357,3.84,742.14,6.95343,4.78,742.14,6.93956,5.91,742.14,6.96559,11.24,68.91376
popcount64_tree,4ca5b8652431e605,616.854,,0.8,616.854,7.05018,1.8,740.012,6.95347,3.14,740.012,6.95208,3.82,744.002,6.94269,4.71,744.002,6.93368,5.89,744.002,6.96396,11.49,68.895598
popcount64_tree,4cbca931765aa9ff,614.726,,0.83,614.726,7.03671,1.84,737.884,6.95517,3.23,737.884,6.95646,3.91,741.874,6.94532,4.79,741.874,6.93197,5.97,741.874,6.95331,10.98,68.791226
popcount64_tree,4db19c5f4bc7b95e,387.562,,0.73,387.562,6.8516,1.72,508.06,6.7511,3.02,508.06,6.74899,3.64,512.05,6.73879,4.57,512.05,6.72985,5.57,512.05,6.7589,10.67,67.07695
popcount64_tree,4dca2ec79e5ef52f,619.514,,0.85,619.514,7.03713,1.83,742.672,6.95808,3.18,742.672,6.95902,3.86,746.662,6.94746,4.77,746.662,6.93386,5.97,746.662,6.95837,11.19,68.837038
popcount64_tree,51ca8f3d5d6145bc,618.184,,0.82,618.184,6.99974,1.79,738.948,6.91247,3.13,738.948,6.91177,3.79,742.938,6.90164,4.72,742.938,6.89218,5.94,742.938,6.91836,11.58,68.440662
popcount64_tree,544b7d9751747392,623.504,,0.83,623.504,7.00931,1.84,744.268,6.93103,3.18,744.268,6.93087,3.85,748.258,6.92027,4.78,748.258,6.90621,5.91,748.258,6.93798,11.49,68.631542
popcount64_tree,549bda0ffaebd795,615.79,,0.8,615.79,7.04941,1.8,738.948,6.96294,3.18,738.948,6.96043,3.85,742.938,6.95087,4.82,742.938,6.93833,5.95,742.938,6.96222,11.11,68.879262
popcount64_tree,58809c41edef818a,619.514,,0.83,619.514,7.03716,1.79,742.672,6.95713,3.16,742.672,6.95677,3.83,746.662,6.94646,4.74,746.662,6.93762,5.91,746.662,6.95795,11.12,68.832838
popcount64_tree,59027355370a7ddb,615.79,,0.8,615.79,7.05455,1.8,738.948,6.96932,3.19,738.948,6.96758,3.87,742.938,6.9567,4.82,742.938,6.94839,6.09,742.938,6.97249,11.34,68.981962
popcount64_tree,5c7e9c7cb17bad90,615.79,,0.8,615.79,7.04941,1.78,738.948,6.96836,3.14,738.948,6.96648,3.8,742.938,6.95589,4.73,742.938,6.94352,5.88,742.938,6.96778,11.31,68.934862
popcount64_tree,5d455d85f671f542,437.57,,0.75,437.57,6.65096,1.74,558.068,6.48286,3.07,558.068,6.47934,3.72,562.058,6.46915,4.6,562.058,6.45237,5.67,562.058,6.49676,10.69,64.405542
popcount64_tree,5d6259da38edf9a0,616.854,,0.82,616.854,7.05018,1.84,740.012,6.95216,3.24,740.012,6.9501,3.89,744.002,6.94069,4.83,744.002,6.93153,6.04,744.002,6.95773,11.34,68.833298
popcount64_tree,601ecdd9efa078bd,408.576,,0.73,408.576,6.87779,1.73,529.074,6.7764,3.07,529.074,6.77485,3.7,533.064,6.76198,4.64,533.064,6.74412,5.7,533.064,6.77846,10.88,67.251536
popcount64_tree,60e22b3dba9a5dd7,496.622,,0.8,496.622,6.85846,1.79,617.918,6.79182,3.12,617.918,6.78925,3.78,621.908,6.78137,4.68,621.908,6.7705,5.81,621.908,6.79376,11.26,67.315692
popcount64_tree,61f443815733db4c,619.514,,0.84,619.514,7.03713,1.85,742.672,6.95931,3.22,742.672,6.96158,3.87,746.662,6.95087,4.77,746.662,6.94051,5.97,746.662,6.96204,11.21,68.873738
popcount64_tree,61f9b61ca3d82f9c,615.79,,0.88,615.79,7.04941,1.91,738.948,6.96576,3.3,738.948,6.96284,4.0,742.938,6.95207,4.92,742.938,6.93629,6.08,742.938,6.96592,11.72,68.916262
popcount64_tree,62b8cfa06e231813,558.6,,0.78,558.6,6.8683,1.75,680.694,6.78142,3.12,680.694,6.78313,3.75,684.684,6.77316,4.63,684.684,6.75481,5.74,684.684,6.78642,11.37,67.179516
popcount64_tree,62eb185aa5dda384,500.612,,0.78,500.612,6.86083,1.75,621.11,6.75526,3.06,621.11,6.75457,3.71,625.1,6.7432,4.62,625.1,6.72766,5.76,625.1,6.75921,11.05,66.967
popcount64_tree,633458f1d8e2a49b,612.066,,0.83,612.066,7.03175,1.84,735.224,6.95547,3.23,735.224,6.9568,3.91,739.214,6.9465,4.86,739.214,6.92744,6.09,739.214,6.95775,11.42,68.838286
popcount64_tree,63fca1e78fc250f1,614.726,,0.82,614.726,7.03671,1.81,737.884,6.95457,3.16,737.884,6.95465,3.87,741.874,6.94475,4.77,741.874,6.92596,5.98,741.874,6.95498,11.51,68.807926
popcount64_tree,6680120ce4609566,622.706,,0.82,622.706,7.0552,1.78,745.864,6.98254,3.16,745.864,6.98144,3.83,749.854,6.97091,4.71,749.854,6.96104,5.86,749.854,6.97909,11.09,69.041046
popcount64_tree,684424530ee83bea,618.184,,0.8,618.184,7.00727,1.78,738.948,6.91324,3.15,738.948,6.91541,3.83,742.938,6.90139,4.75,742.938,6.88213,5.88,742.938,6.9177,11.46,68.434062
popcount64_tree,69a97444343bbb0d,614.992,,0.81,614.992,7.04885,1.79,738.15,6.96341,3.14,738.15,6.96297,3.82,742.14,6.95113,4.75,742.14,6.94393,5.93,742.14,6.96354,11.17,68.89326
popcount64_tree,6c81a823058c666e,616.854,,0.77,616.854,7.04882,1.71,740.012,6.96201,3.12,740.012,6.96182,3.77,744.002,6.95139,4.65,744.002,6.94251,5.81,744.002,6.96699,11.04,68.925898
popcount64_tree,6d2a099cdb1b9a4c,618.184,,0.82,618.184,7.00423,1.81,738.948,6.91804,3.22,738.948,6.91784,3.9,742.938,6.90776,4.78,742.938,6.89362,5.93,742.938,6.92735,11.37,68.530562
popcount64_tree,6f028f2996d2675d,356.972,,0.7,356.972,6.85824,1.67,476.14,6.74554,2.89,476.14,6.74767,3.49,480.13,6.73416,4.35,480.13,6.73278,5.32,480.13,6.75942,9.96,67.11407
popcount64_tree,711e55d4f673504e,623.504,,0.81,623.504,7.00931,1.81,744.268,6.93822,3.16,744.268,6.93591,3.81,748.258,6.92382,4.7,748.258,6.89816,5.86,748.258,6.93773,13.42,68.629042
popcount64_tree,75789f7bc0b89119,619.514,,0.84,619.514,7.03907,1.85,742.672,6.96062,3.18,742.672,6.96097,3.83,746.662,6.94974,4.73,746.662,6.9378,5.92,746.662,6.9609,10.98,68.862338
popcount64_tree,78b4b3a7ff32ed12,616.854,,0.81,616.854,7.05018,1.81,740.012,6.95215,3.14,740.012,6.95304,3.83,744.002,6.94343,4.77,744.002,6.93687,5.94,744.002,6.96482,11.34,68.904198
popcount64_tree,7ac5c6230c466ead,615.79,,0.79,615.79,7.05018,1.78,738.948,6.96215,3.18,738.948,6.96018,3.85,742.938,6.95134,4.77,742.938,6.93888,5.89,742.938,6.9642,11.23,68.899062
popcount64_tree,7c0e74c41e8cdf55,553.014,,0.78,553.014,6.80121,1.75,675.108,6.71851,3.07,675.108,6.71881,3.69,679.098,6.70991,4.59,679.098,6.69291,5.71,679.098,6.72167,10.98,66.537602
popcount64_tree,7d2fca1df599041c,616.854,,0.81,616.854,7.04885,1.78,740.012,6.96201,3.16,740.012,6.96188,3.84,744.002,6.95137,4.75,744.002,6.93994,5.94,744.002,6.95685,10.98,68.824498
popcount64_tree,7d6bd19135641778,616.854,,0.79,616.854,7.05018,1.79,740.012,6.96397,3.17,740.012,6.9621,3.82,744.002,6.95203,4.73,744.002,6.9401,5.85,744.002,6.96485,11.03,68.904498
popcount64_tree,7d78383114d017d6,612.864,,0.8,612.864,6.99444,1.79,733.628,6.90666,3.12,733.628,6.90535,3.77,737.618,6.89387,4.71,737.618,6.87264,5.83,737.618,6.90587,11.23,68.321082
popcount64_tree,817f27605609f844,615.79,,0.8,615.79,7.04908,1.77,738.948,6.96543,3.17,738.948,6.96496,3.82,742.938,6.95349,4.71,742.938,6.93952,5.91,742.938,6.96561,11.13,68.913162
popcount64_tree,8310b53f5aa8a414,615.79,,0.82,615.79,7.05018,1.84,738.948,6.96208,3.21,738.948,6.9576,3.86,742.938,6.94859,4.76,742.938,6.93986,5.91,742.938,6.95917,11.05,68.848762
popcount64_tree,83a68a4a59b17ecc,405.118,,0.72,405.118,6.68526,1.7,526.148,6.5945,2.98,526.148,6.59264,3.6,530.138,6.58406,4.49,530.138,6.57465,5.46,530.138,6.59052,10.55,65.375062
popcount64_tree,83c44133c4617730,615.79,,0.83,615.79,7.05018,1.82,738.948,6.96373,3.18,738.948,6.96313,3.84,742.938,6.95422,4.76,742.938,6.94075,6.03,742.938,6.96941,11.2,68.951162
popcount64_tree,8ad58e789518c0e5,616.854,,0.79,616.854,7.05018,1.77,740.012,6.95188,3.12,740.012,6.95079,3.78,744.002,6.94005,4.71,744.002,6.93306,5.85,744.002,6.96157,11.45,68.871698
popcount64_tree,8c6c97db745bc3b3,618.184,,0.84,618.184,6.99974,1.82,738.948,6.91203,3.17,738.948,6.9134,3.85,742.938,6.90256,4.75,742.938,6.88048,6.0,742.938,6.91697,11.94,68.426762
popcount64_tree,8e8be286902ea517,614.726,,0.82,614.726,6.996,1.78,736.288,6.86272,3.15,736.288,6.8624,3.82,740.278,6.84957,4.74,740.278,6.84142,5.92,740.278,6.86243,11.15,67.884022
popcount64_tree,8ff87f468cc36a74,616.854,,0.81,616.854,7.05018,1.82,740.012,6.95125,3.17,740.012,6.95036,3.83,744.002,6.93959,4.72,744.002,6.9338,5.91,744.002,6.96287,11.4,68.884698
popcount64_tree,9228c850cc1e2e52,616.854,,0.81,616.854,7.05018,1.82,740.012,6.96263,3.2,740.012,6.96154,3.89,744.002,6.95126,4.79,744.002,6.9388,5.99,744.002,6.96619,11.54,68.917898
popcount64_tree,92f21573d914766d,510.454,,0.76,510.454,6.86037,1.72,630.952,6.74974,3.07,630.952,6.74863,3.71,634.942,6.73617,4.61,634.942,6.72297,5.75,634.942,6.75155,11.14,66.880558
popcount64_tree,963c952f39a9a177,470.288,,0.77,470.288,6.59362,1.77,587.86,6.49335,3.1,587.86,6.49013,3.76,591.85,6.48019,4.69,591.85,6.46201,5.83,591.85,6.49545,11.18,64.36265
popcount64_tree,9a8be5a9b29865f6,619.514,,0.82,619.514,7.03907,1.79,742.672,6.96099,3.14,742.672,6.96063,3.8,746.662,6.94861,4.72,746.662,6.93881,5.86,746.662,6.95848,11.06,68.838138
popcount64_tree,9aa7071a29a29c74,616.854,,0.82,616.854,7.05018,1.79,740.012,6.96369,3.15,740.012,6.96396,3.79,744.002,6.95407,4.7,744.002,6.94642,5.85,744.002,6.96969,11.0,68.952898
popcount64_tree,9cd8dff63da75d0d,619.514,,0.84,619.514,7.03907,1.81,742.672,6.96078,3.17,742.672,6.96029,3.83,746.662,6.94932,4.72,746.662,6.93831,5.9,746.662,6.95929,11.42,68.846238
popcount64_tree,a1949c50325a764b,615.79,,0.81,615.79,7.05455,1.79,738.948,6.96664,3.17,738.948,6.96588,3.85,742.938,6.9559,4.78,742.938,6.94351,5.99,742.938,6.97192,11.07,68.976262
popcount64_tree,a4147ab25c671566,618.184,,0.84,618.184,6.99285,1.81,738.948,6.90454,3.16,738.948,6.90348,3.83,742.938,6.89302,4.76,742.938,6.88442,5.92,742.938,6.90928,11.41,68.349862
popcount64_tree,a51288fa118983ce,619.514,,0.82,619.514,7.03217,1.81,742.672,6.95422,3.13,742.672,6.95562,3.82,746.662,6.94382,4.76,746.662,6.93375,5.96,746.662,6.95518,11.51,68.805138
popcount64_tree,a5d1eaa8c9500e5d,615.79,,0.83,615.79,7.05564,1.81,738.948,6.97315,3.16,738.948,6.97196,3.85,742.938,6.962,4.78,742.938,6.95265,5.95,742.938,6.97096,11.3,68.966662
popcount64_tree,a76fd8fd9c9232c2,382.242,,0.71,382.242,6.87293,1.67,502.74,6.77303,2.92,502.74,6.77529,3.54,506.73,6.76213,4.41,506.73,6.75131,5.42,506.73,6.77606,10.23,67.25387
popcount64_tree,a964d636dd2192ef,615.79,,0.83,615.79,7.05455,1.81,738.948,6.96797,3.19,738.948,6.96603,3.86,742.938,6.95632,4.75,742.938,6.94422,5.98,742.938,6.97149,11.49,68.971962
popcount64_tree,aaa198be689334a7,618.184,,0.84,618.184,7.00423,1.88,738.948,6.91482,3.25,738.948,6.91622,3.94,742.938,6.90547,4.91,742.938,6.89249,6.1,742.938,6.92464,11.49,68.503462
popcount64_tree,ac13423cf27bfa61,617.386,,0.8,617.386,7.00443,1.78,738.948,6.87423,3.11,738.948,6.87562,3.78,742.938,6.86138,4.68,742.938,6.84311,5.91,742.938,6.8776,11.49,68.033062
popcount64_tree,ac2c0b560c42cc0c,616.854,,0.81,616.854,7.05018,1.83,740.012,6.95301,3.16,740.012,6.95273,3.83,744.002,6.94317,4.73,744.002,6.93229,5.89,744.002,6.95742,11.19,68.830198
popcount64_tree,ad7be27f356a2c77,491.568,,0.76,491.568,6.86051,1.76,612.066,6.76662,3.11,612.066,6.76642,3.75,616.056,6.75492,4.7,616.056,6.73836,5.88,616.056,6.76921,11.49,67.076044
popcount64_tree,ae18d290fdd4c595,623.504,,0.82,623.504,7.00931,1.83,744.268,6.93113,3.2,744.268,6.92774,3.89,748.258,6.91733,4.8,748.258,6.90742,6.02,748.258,6.93604,11.71,68.612142
popcount64_tree,b55d56819af68d46,619.514,,0.82,619.514,7.03217,1.82,742.672,6.95473,3.17,742.672,6.95269,3.82,746.662,6.9417,4.7,746.662,6.92856,5.85,746.662,6.95298,11.19,68.783138
popcount64_tree,b7376110aaf2fbf8,619.514,,0.84,619.514,7.03217,1.86,742.672,6.95426,3.26,742.672,6.95536,3.94,746.662,6.94329,4.9,746.662,6.92997,6.13,746.662,6.9546,11.31,68.799338
popcount64_tree,b7b8edbaf1bdebb0,616.854,,0.81,616.854,7.05018,1.79,740.012,6.95162,3.13,740.012,6.95024,3.81,744.002,6.93953,4.71,744.002,6.92876,5.87,744.002,6.96026,11.1,68.858598
popcount64_tree,b85a7de8ff8fccab,623.504,,0.82,623.504,7.00931,1.83,744.268,6.93255,3.24,744.268,6.93209,3.93,748.258,6.92113,4.89,748.258,6.9079,6.12,748.258,6.93744,11.93,68.626142
popcount64_tree,bc30c4dbbe770bc6,615.79,,0.83,615.79,7.05018,1.82,738.948,6.95518,3.19,738.948,6.95365,3.86,742.938,6.94362,4.79,742.938,6.93623,5.96,742.938,6.96301,11.51,68.887162
popcount64_tree,bce7f5c6fac1854c,614.992,,0.79,614.992,7.04885,1.8,738.15,6.95276,3.15,738.15,6.9472,3.81,742.14,6.93775,4.7,742.14,6.929,5.96,742.14,6.96047,11.09,68.86256
popcount64_tree,bed466d3c2e9b9fa,489.44,,0.78,489.44,6.86533,1.78,609.938,6.74234,3.11,609.938,6.74181,3.76,613.928,6.73039,4.7,613.928,6.72016,5.74,613.928,6.74574,10.86,66.843472
popcount64_tree,c038c56910336148,363.356,,0.72,363.356,6.82599,1.71,482.524,6.70275,3.0,482.524,6.70164,3.61,486.514,6.69047,4.5,486.514,6.68402,5.48,486.514,6.71284,10.12,66.641886
popcount64_tree,c15365d5a8c41520,616.854,,0.82,616.854,7.05018,1.8,740.012,6.95796,3.19,740.012,6.95862,3.85,744.002,6.94748,4.79,744.002,6.93766,5.93,744.002,6.96486,11.06,68.904598
popcount64_tree,c8c3c6a855438b9c,615.79,,0.82,615.79,7.05018,1.81,738.948,6.95827,3.17,738.948,6.95304,3.83,742.938,6.94203,4.74,742.938,6.93183,5.9,742.938,6.94813,11.46,68.738362
popcount64_tree,ca2c3ec2882ab3fb,615.79,,0.87,615.79,7.04941,1.84,738.948,6.96542,3.2,738.948,6.96395,3.86,742.938,6.95421,4.8,742.938,6.94528,5.92,742.938,6.96911,11.1,68.948162
popcount64_tree,cb615600edffb67c,617.12,,0.82,617.12,7.02038,1.79,736.288,6.90933,3.2,736.288,6.91075,3.88,740.278,6.90013,4.78,740.278,6.88759,6.04,740.278,6.91513,11.44,68.411022
popcount64_tree,cdcd7451ad0bb0a3,443.954,,0.79,443.954,6.65869,1.79,564.452,6.52772,3.15,564.452,6.52484,3.8,568.442,6.51731,4.73,568.442,6.49784,5.83,568.442,6.52495,11.3,64.681058
popcount64_tree,cf187dc121e312a6,616.854,,0.81,616.854,7.05018,1.81,740.012,6.96365,3.14,740.012,6.96431,3.81,744.002,6.95375,4.71,744.002,6.94825,5.8,744.002,6.96705,11.1,68.926498
popcount64_tree,d202f577cc69bde1,615.79,,0.81,615.79,7.05018,1.82,738.948,6.96103,3.23,738.948,6.96058,3.93,742.938,6.95052,4.82,742.938,6.9356,6.07,742.938,6.9638,11.24,68.895062
popcount64_tree,d283cafb4c61b184,363.356,,0.71,363.356,6.82599,1.69,482.524,6.70275,2.95,482.524,6.70062,3.58,486.514,6.68975,4.44,486.514,6.68338,5.4,486.514,6.71367,10.35,66.650186
popcount64_tree,d4e40b4327bb0751,615.79,,0.81,615.79,7.04941,1.8,738.948,6.96727,3.15,738.948,6.96601,3.82,742.938,6.95602,4.71,742.938,6.94086,5.87,742.938,6.9689,10.98,68.946062
popcount64_tree,d5968e6d1c4ba215,616.854,,0.81,616.854,7.04885,1.8,740.012,6.96227,3.17,740.012,6.9606,3.83,744.002,6.94976,4.73,744.002,6.93663,5.92,744.002,6.96411,11.05,68.897098
popcount64_tree,dbb140f30c47d109,616.854,,0.81,616.854,7.05018,1.82,740.012,6.95181,3.15,740.012,6.95033,3.81,744.002,6.94138,4.76,744.002,6.9377,5.95,744.002,6.9633,11.17,68.888998
popcount64_tree,de2ea3cb8ec2ed31,428.792,,0.77,428.792,6.87779,1.75,549.29,6.7264,3.05,549.29,6.7248,3.69,553.28,6.71337,4.62,553.28,6.70317,5.72,553.28,6.74401,10.82,66.88682
popcount64_tree,df51251117973a61,359.632,,0.72,359.632,6.84087,1.69,478.002,6.73239,2.95,478.002,6.73413,3.58,481.992,6.72108,4.44,481.992,6.71256,5.42,481.992,6.73041,10.14,66.822108
popcount64_tree,df87999f28a7f091,617.386,,0.83,617.386,7.01088,1.81,738.948,6.87589,3.18,738.948,6.87558,3.84,742.938,6.86335,4.72,742.938,6.85024,5.87,742.938,6.88538,11.48,68.110862
popcount64_tree,e5af7ba170bd9fdd,612.332,,0.81,612.332,7.04963,1.82,735.49,6.961,3.19,735.49,6.96401,3.87,739.48,6.95398,4.78,739.48,6.94366,5.91,739.48,6.96963,11.11,68.95682
popcount64_tree,ea81959eb93b376f,615.79,,0.83,615.79,7.05018,1.82,738.948,6.95987,3.17,738.948,6.95622,3.87,742.938,6.94405,4.77,742.938,6.93727,5.91,742.938,6.96112,11.87,68.868262
popcount64_tree,eb8524aebadd3466,616.854,,0.81,616.854,7.05018,1.82,740.012,6.95172,3.17,740.012,6.94822,3.86,744.002,6.93927,4.76,744.002,6.93203,5.91,744.002,6.96213,11.48,68.877298
popcount64_tree,f0ae388b754af0fa,620.844,,0.83,620.844,7.00931,1.81,741.608,6.93746,3.13,741.608,6.93733,3.82,745.598,6.9267,4.7,745.598,6.91519,5.9,745.598,6.93949,11.64,68.649302
popcount64_tree,f243463dab8f262e,619.514,,0.84,619.514,7.03716,1.82,742.672,6.95457,3.2,742.672,6.95463,3.9,746.662,6.94356,4.79,746.662,6.93571,5.96,746.662,6.95206,11.23,68.773938
popcount64_tree,f461b2f21cb74a9e,616.854,,0.82,616.854,7.04885,1.84,740.012,6.95304,3.2,740.012,6.95145,3.86,744.002,6.94227,4.81,744.002,6.93418,5.96,744.002,6.95904,11.3,68.846398
popcount64_tree,f46ae153942ccbdd,615.79,,0.8,615.79,7.05018,1.79,738.948,6.96458,3.2,738.948,6.96422,3.87,742.938,6.95413,4.83,742.938,6.9428,5.99,742.938,6.96804,11.34,68.937462
popcount64_tree,f79c3855255e608f,619.514,,0.82,619.514,7.03907,1.81,742.672,6.96077,3.18,742.672,6.96225,3.83,746.662,6.9505,4.74,746.662,6.93808,5.9,746.662,6.96212,11.3,68.874538
popcount64_tree,feabdedad1c10b01,619.514,,0.85,619.514,7.03907,1.85,742.672,6.9581,3.21,742.672,6.95863,3.88,746.662,6.94677,4.82,746.662,6.94081,6.0,746.662,6.95904,11.23,68.843738
popcount64_tree,ff2fdfacb4fc898a,619.514,,0.83,619.514,7.03217,1.84,742.672,6.95429,3.19,742.672,6.95182,3.86,746.662,6.94046,4.77,746.662,6.92411,5.97,746.662,6.95178,11.15,68.771138
priority32,00290acd3a5603de,148.694,,0.71,148.694,7.72196,1.69,208.544,7.66362,2.96,208.544,7.66234,3.53,213.332,7.65042,4.37,213.332,7.6484,5.82,213.332,7.64215,11.16,76.208168
priority32,025dfdcd71da48da,142.576,,0.7,142.576,7.73596,1.66,205.884,7.6717,2.9,205.884,7.67299,3.45,210.672,7.66479,4.3,210.672,7.65742,5.6,210.672,7.67608,10.54,76.550128
priority32,06e598f04f8c5dcc,126.084,,0.72,126.084,7.72737,1.71,190.456,7.62729,2.99,190.456,7.62594,3.56,195.244,7.61493,4.4,195.244,7.61556,5.15,195.244,7.6383,9.87,76.187756
priority32,097e0032a17e32d8,129.542,,0.7,129.542,7.69664,1.65,194.18,7.64498,2.83,194.18,7.64051,3.4,198.968,7.62989,4.24,198.968,7.62625,4.98,198.968,7.63534,9.2,76.154432
priority32,0987ae1537e5b512,151.088,,0.71,151.088,7.73534,1.69,213.598,7.65097,2.96,213.598,7.6531,3.54,218.386,7.64407,4.36,218.386,7.63877,5.73,218.386,7.63698,10.64,76.151414
priority32,098967c756cf2300,136.99,,0.71,136.99,7.6091,1.69,199.234,7.55855,2.92,199.234,7.55996,3.48,204.022,7.54967,4.33,204.022,7.54787,5.32,204.022,7.54836,9.92,75.279578
priority32,0a14b798cfa3d6e6,130.606,,0.76,130.606,7.64844,1.76,193.648,7.59262,3.1,193.648,7.59369,3.67,198.436,7.58441,4.5,198.436,7.58035,5.26,198.436,7.58339,9.54,75.635464
priority32,0ba7c7dcfe16ffee,128.478,,0.73,128.478,7.69433,1.7,189.126,7.6454,2.95,189.126,7.64715,3.52,193.914,7.63603,4.34,193.914,7.63238,5.09,193.914,7.63637,9.37,76.169786
priority32,105ca25682931e7f,129.542,,0.72,129.542,7.73361,1.68,193.116,7.66672,2.95,193.116,7.66846,3.52,197.904,7.66069,4.34,197.904,7.66162,5.72,197.904,7.66864,10.85,76.488496
priority32,12545319da322a7b,128.744,,0.72,128.744,7.69728,1.71,193.382,7.61782,2.96,193.382,7.62058,3.53,198.17,7.60887,4.38,198.17,7.59882,5.7,198.17,7.61641,10.72,75.96593
priority32,177292acfa2c0281,141.778,,0.72,141.778,7.67914,1.7,205.352,7.6268,2.98,205.352,7.62702,3.56,210.14,7.61714,4.41,210.14,7.61138,5.72,210.14,7.62203,10.85,76.01016
priority32,181c3ea5b52a0b34,125.818,,0.74,125.818,7.68407,1.69,190.456,7.63077,2.97,190.456,7.62935,3.52,195.244,7.62186,4.35,195.244,7.62762,5.1,195.244,7.6286,9.59,76.090756
priority32,1ba82cdb3d627af4,138.852,,0.74,138.852,7.70964,1.69,198.968,7.62541,2.93,198.968,7.63191,3.49,203.756,7.62091,4.32,203.756,7.61845,5.68,203.756,7.62767,10.51,76.072944
priority32,1c0083a2269f97d3,131.404,,0.73,131.404,7.74824,1.72,195.776,7.67796,2.97,195.776,7.67892,3.54,200.564,7.66801,4.4,200.564,7.66629,5.72,200.564,7.67732,10.75,76.572636
priority32,1c5ca2b49d5c737d,137.788,,0.71,137.788,7.68591,1.66,200.564,7.61668,2.92,200.564,7.6189,3.48,205.352,7.60658,4.33,205.352,7.60647,5.63,205.352,7.61191,10.38,75.913748
priority32,1d6ebb64dd383894,134.064,,0.72,134.064,7.62412,1.68,196.308,7.57168,2.93,196.308,7.57257,3.49,201.096,7.56292,4.35,201.096,7.56238,5.57,201.096,7.56387,10.33,75.437604
priority32,1e0044dc41ad6ac4,133.532,,0.71,133.532,7.69161,1.69,194.978,7.61227,2.94,194.978,7.6108,3.53,199.766,7.60195,4.36,199.766,7.59538,5.32,199.766,7.61373,10.36,75.937534
priority32,1e0829b4f69db2f6,131.936,,0.74,131.936,7.73976,1.72,193.914,7.68503,2.98,193.914,7.68465,3.54,198.702,7.677,4.39,198.702,7.67283,5.65,198.702,7.68431,10.78,76.644398
priority32,1fded80ed5fbcecd,132.468,,0.73,132.468,7.68334,1.71,195.776,7.63403,2.96,195.776,7.63309,3.52,200.564,7.62434,4.34,200.564,7.62254,5.6,200.564,7.62379,10.47,76.037336
priority32,1fe85140958df4ae,129.808,,0.68,129.808,7.73521,1.64,193.382,7.65347,2.82,193.382,7.6631,3.37,198.17,7.65249,4.17,198.17,7.64725,5.44,198.17,7.65995,10.19,76.40133
priority32,20b26533b83fdb98,140.182,,0.74,140.182,7.72954,1.74,203.49,7.67293,2.98,203.49,7.67012,3.54,208.278,7.66268,4.39,208.278,7.65528,5.67,208.278,7.67001,10.65,76.491822
priority32,237ec5ee7f12683d,154.812,,0.7,154.812,7.69804,1.67,213.066,7.64324,2.94,213.066,7.64698,3.51,217.854,7.63658,4.36,217.854,7.63274,5.74,217.854,7.63836,10.85,76.165746
priority32,244e8795d7d5df9f,126.084,,0.73,126.084,7.66022,1.71,188.86,7.5895,2.95,188.86,7.58566,3.51,193.648,7.57656,4.35,193.648,7.57211,5.07,193.648,7.57615,9.24,75.567852
priority32,2626b6c70ab71580,162.526,,0.71,162.526,7.70936,1.7,223.174,7.65865,2.94,223.174,7.66066,3.51,227.962,7.65026,4.36,227.962,7.64929,5.82,227.962,7.65491,10.91,76.321138
priority32,2865b4e043e9b1ad,127.414,,0.72,127.414,7.76232,1.71,190.988,7.68287,2.96,190.988,7.682,3.54,195.776,7.67187,4.37,195.776,7.66799,5.59,195.776,7.6717,10.43,76.521224
priority32,2d7a21695f6e5d22,142.842,,0.73,142.842,7.67477,1.71,203.224,7.60526,2.99,203.224,7.60488,3.55,208.012,7.59507,4.41,208.012,7.58614,5.76,208.012,7.60096,10.92,75.801588
priority32,2ddef4feab8630e0,142.576,,0.72,142.576,7.57252,1.74,205.618,7.52786,2.99,205.618,7.52893,3.55,210.406,7.51877,4.37,210.406,7.51482,5.31,210.406,7.5197,9.97,74.986594
priority32,2f60cfd7087ac383,132.468,,0.71,132.468,7.68634,1.68,196.042,7.61823,2.91,196.042,7.6192,3.48,200.83,7.60929,4.32,200.83,7.60507,5.27,200.83,7.61433,10.21,75.94247
priority32,311a8de096e37784,140.448,,0.71,140.448,7.70163,1.7,201.628,7.65066,2.94,201.628,7.64978,3.5,206.416,7.6396,4.33,206.416,7.634,5.64,206.416,7.6371,10.36,76.164584
priority32,350a89baf5552d0a,144.704,,0.72,144.704,7.74263,1.7,206.682,7.67995,2.96,206.682,7.68304,3.54,211.47,7.67256,4.37,211.47,7.66471,5.71,211.47,7.66602,10.67,76.44873
priority32,3859bd42dceebc97,130.606,,0.74,130.606,7.67068,1.73,193.648,7.58013,2.98,193.648,7.57614,3.54,198.436,7.56824,4.37,198.436,7.56535,5.31,198.436,7.57178,9.65,75.519364
priority32,387cc49570e0ac06,145.236,,0.72,145.236,7.6974,1.68,205.086,7.65419,2.94,205.086,7.65481,3.51,209.874,7.64463,4.36,209.874,7.6424,5.25,209.874,7.64586,9.81,76.248726
priority32,3976f7fb49f001f5,138.32,,0.72,138.32,7.70122,1.7,199.5,7.64517,2.94,199.5,7.64571,3.5,204.288,7.63567,4.34,204.288,7.63334,5.65,204.288,7.64222,10.53,76.217912
priority32,3ba5316e08da25cd,127.68,,0.74,127.68,7.65999,1.71,189.658,7.61239,3.02,189.658,7.61279,3.57,194.446,7.60367,4.4,194.446,7.60075,5.2,194.446,7.603,9.68,75.835554
priority32,3c741f6da39a11ee,133.532,,0.72,133.532,7.67727,1.7,194.446,7.62495,2.95,194.446,7.62344,3.52,199.234,7.61315,4.37,199.234,7.61,5.6,199.234,7.61547,10.56,75.955466
priority32,3e4cfab315f8d3b5,125.02,,0.72,125.02,7.69553,1.69,188.86,7.63899,2.99,188.86,7.63551,3.57,193.648,7.62408,4.42,193.648,7.61943,5.14,193.648,7.62829,9.57,76.089252
priority32,3fb46a7d9780e6f7,131.138,,0.71,131.138,7.72813,1.67,195.51,7.68507,2.91,195.51,7.68465,3.48,200.298,7.67547,4.32,200.298,7.67341,5.64,200.298,7.6761,10.86,76.560702
priority32,4215eee286ddefa1,140.98,,0.7,140.98,7.68693,1.67,201.362,7.58474,2.94,201.362,7.58482,3.52,206.15,7.57393,4.34,206.15,7.5706,5.66,206.15,7.57757,10.55,75.56955
priority32,4270c637def8b6a1,134.596,,0.73,134.596,7.67964,1.71,194.446,7.62216,2.94,194.446,7.62165,3.51,199.234,7.61136,4.36,199.234,7.60399,5.66,199.234,7.60791,10.52,75.879866
priority32,434ba1dd3f91708c,143.906,,0.72,143.906,7.6992,1.72,204.82,7.61727,2.95,204.82,7.61926,3.53,209.608,7.61241,4.36,209.608,7.61105,5.72,209.608,7.62345,10.56,76.024892
priority32,462b25b822e71794,151.088,,0.71,151.088,7.67504,1.67,211.736,7.60262,2.87,211.736,7.60418,3.42,216.524,7.59292,4.23,216.524,7.59402,5.54,216.524,7.61254,10.79,75.908876
priority32,46adc80ea954fbef,122.892,,0.72,122.892,7.67213,1.69,185.402,7.56155,2.93,185.402,7.55663,3.5,190.19,7.54669,4.32,190.19,7.54863,5.02,190.19,7.54774,9.46,75.28721
priority32,48d28f7a0ff1ddfe,127.148,,0.72,127.148,7.71311,1.71,190.456,7.63334,2.98,190.456,7.63057,3.54,195.244,7.62008,4.4,195.244,7.6234,5.17,195.244,7.62866,9.59,76.091356
priority32,4a19e7dcbd18b15d,146.832,,0.75,146.832,7.71958,1.73,207.746,7.66421,2.98,207.746,7.66897,3.54,212.534,7.66115,4.37,212.534,7.65622,5.68,212.534,7.66404,11.51,76.427866
priority32,4b36a859d744fc4b,132.202,,0.72,132.202,7.64425,1.72,195.51,7.5999,2.97,195.51,7.60013,3.55,200.298,7.59073,4.4,200.298,7.58908,5.11,200.298,7.59175,9.55,75.717202
priority32,4b55d9cdcdff3b6f,152.95,,0.72,152.95,7.67232,1.71,213.864,7.62578,3.0,213.864,7.62656,3.58,218.652,7.6157,4.41,218.652,7.60834,5.76,218.652,7.61749,11.12,75.956248
priority32,4cda36c94188c42a,161.462,,0.7,161.462,7.71537,1.7,220.514,7.66743,2.95,220.514,7.66713,3.53,225.302,7.65703,4.4,225.302,7.65539,5.76,225.302,7.66036,10.82,76.378298
priority32,4ed1106c80f10df6,141.246,,0.72,141.246,7.70154,1.68,196.574,7.64692,2.97,196.574,7.64679,3.53,201.362,7.63815,4.37,201.362,7.63503,5.65,201.362,7.64247,10.91,76.223338
priority32,5077753f3d3b152d,144.704,,0.71,144.704,7.70491,1.7,206.15,7.62997,2.95,206.15,7.63252,3.52,210.938,7.62228,4.35,210.938,7.61831,5.64,210.938,7.62606,10.65,76.049662
priority32,515fd5eeb04fef22,133.798,,0.71,133.798,7.70494,1.68,198.17,7.65823,2.93,198.17,7.65821,3.49,202.958,7.64835,4.31,202.958,7.64592,5.58,202.958,7.6473,10.71,76.270042
priority32,524c19fab25a1322,155.876,,0.73,155.876,7.70811,1.69,217.854,7.66083,2.93,217.854,7.66229,3.52,222.642,7.6522,4.35,222.642,7.65166,5.7,222.642,7.6551,11.27,76.328358
priority32,53753b24453bc9ca,136.458,,0.71,136.458,7.65491,1.7,200.83,7.60075,2.98,200.83,7.60051,3.54,205.618,7.58873,4.37,205.618,7.58614,5.62,205.618,7.58821,10.41,75.676482
priority32,569c46de5d7beb32,130.872,,0.72,130.872,7.72138,1.69,194.712,7.65518,2.96,194.712,7.65407,3.52,199.5,7.64375,4.36,199.5,7.6418,5.72,199.5,7.64532,10.79,76.2537
priority32,5dc3c8984b9faf3a,131.138,,0.72,131.138,7.7326,1.71,193.914,7.66784,2.94,193.914,7.67053,3.5,198.702,7.65902,4.35,198.702,7.6533,5.66,198.702,7.65771,10.63,76.378398
priority32,60b9ee45df2fd594,127.414,,0.71,127.414,7.69461,1.69,191.786,7.61918,2.95,191.786,7.61886,3.53,196.574,7.60922,4.37,196.574,7.60563,5.68,196.574,7.61769,10.44,75.980326
priority32,6340e07205a5c5d6,144.438,,0.68,144.438,7.72168,1.64,207.746,7.65795,2.83,207.746,7.65535,3.4,212.534,7.64763,4.24,212.534,7.6454,5.5,212.534,7.66152,9.83,76.402666
priority32,643da180eeb4ee71,130.34,,0.71,130.34,7.67096,1.69,194.18,7.61834,2.97,194.18,7.61834,3.55,198.968,7.60813,4.41,198.968,7.60648,5.3,198.968,7.60917,9.82,75.892732
priority32,65e8e84afa531796,128.744,,0.71,128.744,7.6707,1.66,190.722,7.60276,2.91,190.722,7.60661,3.49,195.51,7.59592,4.34,195.51,7.58438,5.62,195.51,7.59524,10.68,75.75689
priority32,67a616d4d5e4160e,126.35,,0.71,126.35,7.71574,1.7,189.924,7.66741,2.96,189.924,7.66274,3.53,194.712,7.6507,4.34,194.712,7.64875,5.57,194.712,7.66049,10.39,76.410188
priority32,69cb4a501b9b524c,139.118,,0.73,139.118,7.57415,1.72,202.16,7.5317,2.93,202.16,7.53196,3.49,206.948,7.52111,4.31,206.948,7.51806,5.18,206.948,7.52194,10.06,75.012452
priority32,6bd12a880e9fc989,130.872,,0.72,130.872,7.67284,1.71,191.52,7.62704,3.04,191.52,7.62487,3.62,196.308,7.61796,4.45,196.308,7.61639,5.24,196.308,7.6192,9.84,75.995692
priority32,6c3248fea413ecbf,134.33,,0.72,134.33,7.7373,1.7,197.904,7.65138,2.92,197.904,7.65423,3.49,202.692,7.64853,4.32,202.692,7.64103,5.24,202.692,7.65562,9.73,76.353508
priority32,6d7f8a6779779ce2,125.02,,0.71,125.02,7.61269,1.69,187.264,7.54668,2.95,187.264,7.54699,3.53,192.052,7.53674,4.38,192.052,7.53518,5.08,192.052,7.53927,9.62,75.200648
priority32,6e4349d27434cc4a,158.536,,0.7,158.536,7.73677,1.65,220.248,7.68877,2.9,220.248,7.68836,3.49,225.036,7.67806,4.31,225.036,7.6742,5.76,225.036,7.68072,10.98,76.582164
priority32,6f29a24860ec3340,131.936,,0.68,131.936,7.70884,1.63,194.18,7.63212,2.82,194.18,7.63134,3.35,198.968,7.6226,4.18,198.968,7.62423,5.43,198.968,7.63619,10.5,76.162932
priority32,6f862c0b3d25dc39,122.892,,0.71,122.892,7.71435,1.68,186.732,7.6607,2.92,186.732,7.66148,3.48,191.52,7.65445,4.34,191.52,7.64891,5.61,191.52,7.65727,10.43,76.38118
priority32,718327b9c3d6225b,148.162,,0.71,148.162,7.74064,1.68,211.47,7.69637,2.93,211.47,7.69718,3.5,216.258,7.68934,4.32,216.258,7.68743,5.71,216.258,7.68875,10.77,76.671242
priority32,72062c0a3cc2b24e,144.704,,0.74,144.704,7.74964,1.73,206.416,7.6671,2.99,206.416,7.66662,3.56,211.204,7.65794,4.39,211.204,7.65527,5.74,211.204,7.65966,10.64,76.385396
priority32,72b214c6fe2738ee,142.576,,0.73,142.576,7.71452,1.72,206.416,7.64472,2.98,206.416,7.64637,3.54,211.204,7.63682,4.38,211.204,7.63287,5.75,211.204,7.64537,11.1,76.242496
priority32,79dfb7b194739fbf,148.428,,0.7,148.428,7.69282,1.69,210.14,7.63359,2.94,210.14,7.63328,3.52,214.928,7.62676,4.37,214.928,7.62327,5.74,214.928,7.62783,10.82,76.063372
priority32,8503ab0de599775c,133.266,,0.71,133.266,7.69453,1.68,198.702,7.60503,2.94,198.702,7.6059,3.52,203.49,7.59412,4.36,203.49,7.58851,5.64,203.49,7.60613,10.6,75.85781
priority32,85f68c2d75849ed9,141.246,,0.71,141.246,7.71307,1.7,205.884,7.6403,2.96,206.948,7.65248,3.54,211.736,7.64278,4.39,211.736,7.63833,5.77,211.736,7.643,10.86,76.218264
priority32,8734621ff411f834,131.936,,0.71,131.936,7.70733,1.69,192.584,7.66074,2.93,192.584,7.66075,3.49,197.372,7.6513,4.33,197.372,7.64288,5.07,197.372,7.65633,9.58,76.365928
priority32,8a61604dd3beac0a,129.276,,0.72,129.276,7.71094,1.7,193.648,7.64186,2.99,193.648,7.64451,3.56,198.436,7.636,4.37,198.436,7.63124,5.65,198.436,7.63592,10.3,76.160764
priority32,931100f5abd2e517,136.458,,0.71,136.458,7.63389,1.7,200.298,7.5746,2.99,200.298,7.57792,3.57,205.086,7.56727,4.4,205.086,7.55428,5.13,205.086,7.56992,9.81,75.494114
priority32,94dd691ad6d14539,138.586,,0.7,138.586,7.7172,1.67,200.298,7.64595,2.92,200.298,7.6479,3.49,205.086,7.63679,4.32,205.086,7.62927,5.61,205.086,7.64547,10.34,76.249614
priority32,94de82341a789b3f,138.586,,0.69,138.586,7.70216,1.63,204.022,7.64961,2.86,204.022,7.65234,3.41,208.81,7.64191,4.24,208.81,7.6377,5.51,208.81,7.64557,10.47,76.24689
priority32,96c9b6828a3a0e9c,126.084,,0.71,126.084,7.66703,1.67,190.456,7.62029,2.99,190.456,7.61966,3.55,195.244,7.60855,4.39,195.244,7.60339,5.32,195.244,7.61016,10.08,75.906356
priority32,97b6960107def20d,132.468,,0.71,132.468,7.69667,1.67,196.574,7.62164,2.9,196.574,7.6176,3.47,201.362,7.60653,4.28,201.362,7.59471,5.55,201.362,7.61041,10.31,75.902738
priority32,9a97a7b58869a71e,130.872,,0.71,130.872,7.69664,1.7,194.712,7.62826,2.93,194.712,7.63041,3.5,199.5,7.61936,4.34,199.5,7.61705,5.59,199.5,7.62266,10.98,76.0271
priority32,9b0e91ff1826ca0a,126.35,,0.73,126.35,7.71082,1.71,189.924,7.65891,2.96,189.924,7.65647,3.53,194.712,7.6465,4.37,194.712,7.64254,5.65,194.712,7.65246,10.77,76.329888
priority32,a5d03ad572d666f7,140.182,,0.73,140.182,7.6029,1.69,199.5,7.56048,2.91,199.5,7.56137,3.47,204.288,7.55198,4.3,204.288,7.54755,5.59,204.288,7.55322,10.67,75.327912
priority32,a6259ad559b38bb1,130.34,,0.73,130.34,7.74376,1.71,193.116,7.69237,2.98,193.116,7.69052,3.56,197.904,7.68009,4.38,197.904,7.67848,5.61,197.904,7.68299,10.47,76.631996
priority32,a697a8fd6074be41,130.34,,0.71,130.34,7.71286,1.68,192.052,7.64429,2.94,192.052,7.644,3.53,196.84,7.63652,4.4,196.84,7.62541,5.69,196.84,7.6481,10.45,76.28416
priority32,ae5df1738b0b5320,132.468,,0.72,132.468,7.7099,1.72,196.308,7.66184,3.02,196.308,7.66248,3.58,201.096,7.65357,4.4,201.096,7.65179,5.3,201.096,7.65877,10.04,76.386604
priority32,ae8c3c5c8093129e,137.522,,0.71,137.522,7.71979,1.7,201.096,7.62712,2.95,201.096,7.62709,3.54,205.884,7.61757,4.37,205.884,7.61138,5.61,205.884,7.62634,10.62,76.057516
priority32,aff0fb47d0d94703,142.842,,0.71,142.842,7.69977,1.68,205.352,7.63651,2.98,205.352,7.63767,3.56,210.14,7.62657,4.42,210.14,7.62046,5.75,210.14,7.62305,10.65,76.02036
priority32,b209d2f8b59f1de6,164.388,,0.71,164.388,7.69877,1.66,222.642,7.63399,2.89,222.642,7.63444,3.45,227.43,7.62346,4.28,227.43,7.62291,5.65,227.43,7.63133,10.6,76.08587
priority32,b22ba4a89accc11c,135.128,,0.7,135.128,7.65664,1.68,198.702,7.59135,2.96,198.702,7.59594,3.56,203.49,7.58701,4.39,203.49,7.58827,5.66,203.49,7.60194,10.66,75.81591
priority32,b277827f4e530405,136.458,,0.72,136.458,7.71141,1.68,198.436,7.65599,2.96,198.436,7.6552,3.52,203.224,7.64243,4.36,203.224,7.63086,5.59,203.224,7.64905,10.41,76.287276
priority32,b3bf09b828ecaab8,133.0,,0.71,133.0,7.67162,1.69,196.84,7.61667,2.95,196.84,7.61779,3.52,201.628,7.60974,4.35,201.628,7.60402,5.64,201.628,7.61667,10.18,75.965072
priority32,b6319af4a92871bb,138.054,,0.71,138.054,7.71297,1.71,197.904,7.65414,2.94,197.904,7.65348,3.5,202.692,7.64123,4.35,202.692,7.64092,5.25,202.692,7.64343,9.72,76.231608
priority32,b67b68157964d9c8,131.936,,0.72,131.936,7.69571,1.68,196.574,7.61099,2.93,196.574,7.60903,3.49,201.362,7.59805,4.33,201.362,7.59922,5.65,201.362,7.61181,10.53,75.916738
priority32,b764efffbfd9e32c,152.418,,0.71,152.418,7.67616,1.68,212.268,7.64524,2.9,212.268,7.64755,3.48,217.056,7.63713,4.31,217.056,7.6308,5.65,217.056,7.63723,11.08,76.155244
priority32,b9e8592b2bbb8a21,134.064,,0.72,134.064,7.69985,1.69,198.17,7.65442,2.96,198.17,7.65734,3.54,202.958,7.64712,4.38,202.958,7.64102,5.67,202.958,7.64972,10.67,76.294242
priority32,b9f7f56735eece06,134.33,,0.73,134.33,7.71642,1.7,198.968,7.67429,2.95,198.968,7.67346,3.52,203.756,7.66203,4.37,203.756,7.66112,5.22,203.756,7.66628,10.08,76.459044
priority32,bcf7e8d4e7d7a917,130.074,,0.72,130.074,7.67739,1.69,193.116,7.60265,2.97,193.116,7.60229,3.55,197.904,7.59261,4.39,197.904,7.5873,5.13,197.904,7.5969,9.6,75.771096
priority32,bcfb8c7879e59fd1,127.414,,0.73,127.414,7.73195,1.71,188.86,7.67284,2.99,188.86,7.67182,3.55,193.648,7.66378,4.37,193.648,7.65573,5.14,193.648,7.66985,9.61,76.504852
priority32,c5e74ed6e93ee559,136.192,,0.72,136.192,7.71505,1.69,200.564,7.65589,2.92,200.564,7.65572,3.49,205.352,7.64826,4.32,205.352,7.64898,5.6,205.352,7.65072,10.72,76.301848
priority32,c876dd495e74bda5,141.246,,0.73,141.246,7.72351,1.7,202.958,7.6574,2.97,202.958,7.66009,3.54,207.746,7.64973,4.36,207.746,7.64836,5.7,207.746,7.6556,11.18,76.348254
priority32,c9bd0b31c0cf2543,136.99,,0.7,136.99,7.64093,1.69,196.574,7.60461,2.96,196.574,7.60526,3.52,201.362,7.59596,4.34,201.362,7.59279,5.21,201.362,7.5961,9.66,75.759638
priority32,cab938afd7d35ecf,131.138,,0.7,131.138,7.60296,1.69,194.18,7.54861,2.95,194.18,7.55184,3.51,198.968,7.54143,4.35,198.968,7.53893,5.6,198.968,7.54518,10.32,75.252832
priority32,cba55de2546c2b60,128.744,,0.71,128.744,7.70618,1.67,192.584,7.65723,2.9,192.584,7.66201,3.44,197.372,7.65374,4.27,197.372,7.65056,5.14,197.372,7.65713,9.5,76.373928
priority32,cbaee5a3c02f45cf,154.28,,0.7,154.28,7.7057,1.68,212.002,7.65334,2.92,212.002,7.65662,3.49,216.79,7.64763,4.32,216.79,7.63865,5.7,216.79,7.65169,10.63,76.30011
priority32,ceaf7af262d7bda1,146.566,,0.73,146.566,7.65137,1.73,204.554,7.60542,3.0,205.618,7.6053,3.57,210.406,7.59549,4.42,210.406,7.59387,5.79,210.406,7.596,11.27,75.749594
priority32,cff4d8734406e0f8,125.286,,0.74,125.286,7.68464,1.7,189.126,7.56108,2.93,189.126,7.5546,3.5,193.914,7.54694,4.32,193.914,7.5429,5.06,193.914,7.55695,9.42,75.375586
priority32,d00a26a9cbe93eca,139.384,,0.69,139.384,7.74378,1.65,200.564,7.69534,2.86,200.564,7.69677,3.42,205.352,7.68912,4.25,205.352,7.68611,5.52,205.352,7.6883,10.44,76.677648
priority32,d1d8c35411471edd,146.034,,0.71,146.034,7.70931,1.71,200.298,7.64378,2.94,200.298,7.64521,3.5,205.086,7.63273,4.31,205.086,7.62649,5.57,205.086,7.63645,10.74,76.159414
priority32,d330e5d42f415e45,136.192,,0.71,136.192,7.67509,1.69,200.032,7.63204,2.94,200.032,7.63207,3.5,204.82,7.62164,4.32,204.82,7.62083,5.56,204.82,7.62218,10.46,76.01698
priority32,d95e5f57cce55cff,149.492,,0.71,149.492,7.74923,1.69,210.938,7.70019,2.94,210.938,7.69981,3.52,215.726,7.6922,4.34,215.726,7.69027,5.71,215.726,7.69509,11.15,76.735174
priority32,da1d92635d0bf751,134.596,,0.71,134.596,7.70881,1.68,198.17,7.63407,2.94,198.17,7.63207,3.51,202.958,7.62278,4.35,202.958,7.62114,5.24,202.958,7.63553,9.72,76.152342
priority32,dadc07a7ed42b04d,124.754,,0.73,124.754,7.60858,1.71,186.466,7.55584,2.95,186.466,7.55536,3.52,191.254,7.54477,4.37,191.254,7.54505,5.08,191.254,7.5438,10.05,75.246746
priority32,db87a9c564f7a8e1,135.128,,0.73,135.128,7.69548,1.68,198.968,7.63662,2.92,198.968,7.63662,3.49,203.756,7.62677,4.34,203.756,7.62624,5.66,203.756,7.63221,10.59,76.118344
priority32,dcd2807c3c59e433,132.202,,0.71,132.202,7.70726,1.69,193.914,7.65075,2.92,193.914,7.65367,3.47,198.702,7.64527,4.27,198.702,7.6429,5.16,198.702,7.64607,9.6,76.261998
priority32,dd3157281ae6b8ab,119.168,,0.69,119.168,7.59966,1.64,183.806,7.54273,2.88,183.806,7.54172,3.42,188.594,7.53371,4.21,188.594,7.52755,4.9,188.594,7.53816,9.09,75.193006
priority32,ddaa670ad8b77dab,135.128,,0.72,135.128,7.7239,1.69,196.308,7.65823,2.93,196.308,7.65611,3.49,201.096,7.64609,4.32,201.096,7.64499,5.59,201.096,7.65572,10.34,76.356104
priority32,df16855749ebe1ee,131.936,,0.72,131.936,7.72499,1.69,192.85,7.67386,2.98,192.85,7.67569,3.54,197.638,7.66502,4.39,197.638,7.65548,5.36,197.638,7.66784,10.04,76.480762
priority32,df39b026d9d16f77,140.182,,0.71,140.182,7.67637,1.68,202.426,7.61938,2.92,202.426,7.61965,3.49,207.214,7.60874,4.34,207.214,7.60656,5.68,207.214,7.61351,10.51,75.927886
priority32,e0103885e553cdb9,140.714,,0.71,140.714,7.70846,1.69,200.032,7.63952,2.96,200.032,7.64175,3.54,204.82,7.63198,4.38,204.82,7.62944,5.34,204.82,7.63058,10.0,76.10098
priority32,e0c3b3d1987f8620,125.286,,0.73,125.286,7.64933,1.72,187.53,7.59806,3.02,187.53,7.5992,3.58,192.318,7.58956,4.4,192.318,7.58648,5.13,192.318,7.59172,9.83,75.724882
priority32,e1517b14357b6cee,133.532,,0.72,133.532,7.72886,1.69,197.904,7.67213,2.97,197.904,7.67313,3.54,202.692,7.66366,4.36,202.692,7.66167,5.61,202.692,7.66812,10.61,76.478508
priority32,e1fd31a67cb791d5,131.67,,0.71,131.67,7.71387,1.67,195.244,7.66488,2.93,195.244,7.6666,3.5,200.032,7.65881,4.31,200.032,7.65359,5.65,200.032,7.66027,10.49,76.402668
priority32,e4ae6253c2fcab5f,138.852,,0.72,138.852,7.70714,1.69,200.83,7.62482,2.95,200.83,7.6223,3.51,205.618,7.61449,4.36,205.618,7.62685,5.13,205.618,7.63092,9.41,76.103582
priority32,e50ce17b0ae887a7,135.128,,0.72,135.128,7.69409,1.71,197.106,7.6343,2.96,197.106,7.63906,3.54,201.894,7.63064,4.37,201.894,7.62837,5.65,201.894,7.63099,10.93,76.108006
priority32,e6882aafac9b91e1,145.236,,0.7,145.236,7.70881,1.68,206.948,7.66775,2.93,206.948,7.6683,3.49,211.736,7.6575,4.32,211.736,7.65451,5.62,211.736,7.65976,11.01,76.385864
priority32,e766ac7f78b649b8,125.552,,0.72,125.552,7.62098,1.71,189.392,7.57841,2.93,189.392,7.58017,3.51,194.18,7.57072,4.33,194.18,7.56965,5.08,194.18,7.57166,9.83,75.52242
priority32,e9ad53858793b7b2,137.788,,0.72,137.788,7.73133,1.71,198.968,7.67075,3.01,198.968,7.67483,3.59,203.756,7.66691,4.41,203.756,7.666,5.69,203.756,7.67184,10.96,76.514644
priority32,e9c78861d06a3e3f,138.852,,0.71,138.852,7.6334,1.68,201.894,7.56138,2.93,202.958,7.57624,3.5,207.746,7.565,4.35,207.746,7.56453,5.24,207.746,7.57672,9.81,75.559454
priority32,f03c366d0cb9080f,136.99,,0.73,136.99,7.74742,1.71,197.638,7.68403,3.03,197.638,7.6837,3.6,202.426,7.67375,4.42,202.426,7.67145,5.17,202.426,7.6797,10.08,76.594574
priority32,f28623a3729c1e20,144.172,,0.69,144.172,7.68514,1.67,206.416,7.63017,2.92,206.416,7.63091,3.49,211.204,7.6224,4.33,211.204,7.62145,5.64,211.204,7.62347,10.52,76.023496
priority32,f3813428ffc917ca,144.97,,0.73,144.97,7.71971,1.72,205.884,7.64385,2.98,205.884,7.64292,3.56,210.672,7.63319,4.41,210.672,7.62953,5.76,210.672,7.64366,10.88,76.225928
priority32,f469a21ce28905c0,133.798,,0.72,133.798,7.72254,1.7,197.372,7.64992,2.99,197.372,7.64982,3.55,202.16,7.6396,4.39,202.16,7.63777,5.66,202.16,7.64324,10.65,76.23024
priority32,f49237b2304b7939,133.532,,0.72,133.532,7.70008,1.69,197.372,7.64922,2.95,197.372,7.6516,3.52,202.16,7.64435,4.37,202.16,7.6413,5.66,202.16,7.64514,10.97,76.24924
priority32,f5ab57c6002a5772,141.246,,0.73,141.246,7.73487,1.7,204.022,7.67358,2.94,204.022,7.67462,3.5,208.81,7.66705,4.32,208.81,7.66221,5.57,208.81,7.66611,10.62,76.45229
priority32,f5caceaeda9dbe74,131.138,,0.71,131.138,7.70947,1.69,195.776,7.65244,2.93,195.776,7.65218,3.5,200.564,7.64114,4.34,200.564,7.64109,5.57,200.564,7.6443,10.56,76.242436
priority32,f75b589212d74e92,130.074,,0.7,130.074,7.73206,1.64,194.712,7.64493,2.86,194.712,7.64305,3.41,199.5,7.63032,4.23,199.5,7.6262,5.42,199.5,7.65318,10.08,76.3323
priority32,f80678df57070d68,127.946,,0.71,127.946,7.64146,1.69,189.924,7.60096,2.91,189.924,7.60041,3.48,194.712,7.59102,4.32,194.712,7.59103,5.06,194.712,7.59057,9.41,75.710988
priority32,fc397c37462d78f5,133.266,,0.72,133.266,7.65925,1.7,194.712,7.61643,2.96,194.712,7.61565,3.53,199.5,7.60572,4.35,199.5,7.60017,5.1,199.5,7.60653,9.5,75.8658
priority32,fde818ce5e518f92,138.32,,0.71,138.32,7.71069,1.7,199.766,7.65616,2.94,199.766,7.65755,3.51,204.554,7.64772,4.33,204.554,7.64406,5.67,204.554,7.64878,10.68,76.283246
